,time_list,altitude_list,z_velocity_list,x_list,y_list,z_list,sr_list,mpu_status,bme_status
0,2.4601595401763916,87.17693203262168,0.0,-0.29638671875,0.87109375,0.198486328125,0.0,True,True
1,2.4850950241088867,87.15746973993109,-0.01300843190857301,-0.28271484375,0.89599609375,0.1953125,0.024935483932495117,True,True
2,2.5101447105407715,87.15381998149171,-0.015436777967451113,-0.31298828125,0.8994140625,0.197509765625,0.025049686431884766,True,True
3,2.5380473136901855,87.14055532174785,-0.02335996926303474,-0.305419921875,0.925537109375,0.2138671875,0.027902603149414062,True,True
4,2.568021774291992,87.12653675331514,-0.031154698593306066,-0.3271484375,0.917236328125,0.1787109375,0.02997446060180664,True,True
5,2.5981903076171875,87.10771051844756,-0.04155528975708674,-0.30810546875,0.94580078125,0.177978515625,0.030168533325195312,True,True
6,2.6282849311828613,87.09571904512352,-0.04819627293130533,-0.3271484375,0.904541015625,0.266357421875,0.030094623565673828,True,True
7,2.658249616622925,87.08853568757911,-0.05219173038336416,-0.3232421875,0.9267578125,0.177001953125,0.029964685440063477,True,True
8,2.688262939453125,87.07034575899556,-0.06229276045283359,-0.293701171875,0.943603515625,0.172607421875,0.030013322830200195,True,True
9,2.7182047367095947,87.06316240145115,-0.0662912721224773,-0.294921875,0.898681640625,0.187744140625,0.029941797256469727,True,True
10,2.7482643127441406,87.05661638040088,-0.06992074283465359,-0.2607421875,0.8935546875,0.17919921875,0.0300595760345459,True,True
11,2.778381586074829,87.05487899744891,-0.07088219715407143,-0.246337890625,0.92041015625,0.14990234375,0.030117273330688477,True,True
12,2.8084211349487305,87.05175130134715,-0.07261751843274425,-0.256103515625,0.927001953125,0.1748046875,0.030039548873901367,True,True
13,2.838498830795288,87.03761583815088,-0.08045026780533639,-0.26904296875,0.925048828125,0.15283203125,0.030077695846557617,True,True
14,2.8685433864593506,87.03790672678319,-0.08028890266730633,-0.271240234375,0.925537109375,0.16162109375,0.0300445556640625,True,True
15,2.898582935333252,87.02238072888315,-0.08890310099477138,-0.2841796875,0.929443359375,0.197021484375,0.030039548873901367,True,True
16,2.928680419921875,87.01786268177325,-0.09140499728923511,-0.2724609375,0.9375,0.1455078125,0.030097484588623047,True,True
17,2.958760976791382,86.99891873821485,-0.10190122560075372,-0.256591796875,0.9228515625,0.159912109375,0.030080556869506836,True,True
18,2.9887354373931885,86.98542040823969,-0.10940668730835061,-0.25830078125,0.91748046875,0.1328125,0.02997446060180664,True,True
19,3.0187902450561523,86.97053150291177,-0.1176632173422401,-0.272216796875,0.969970703125,0.138671875,0.030054807662963867,True,True
0,3.079238176345825,86.9570331729366,-0.1176632173422401,-0.265380859375,0.908935546875,0.191650390625,0.030054807662963867,True,True
1,3.1117568016052246,86.94011660247641,-0.12633341292259542,-0.2314453125,0.89990234375,0.125,0.032518625259399414,True,True
2,3.1506543159484863,86.9314272752018,-0.13005658453622274,-0.26318359375,0.910400390625,0.16748046875,0.03889751434326172,True,True
3,3.1818935871124268,86.90489360413437,-0.14421273590105468,-0.273193359375,0.905029296875,0.156494140625,0.03123927116394043,True,True
4,3.2060763835906982,86.89620427685978,-0.1502013783383915,-0.217529296875,1.041015625,0.141845703125,0.024182796478271484,True,True
5,3.2307310104370117,86.87030691665052,-0.16770813976069296,-0.29296875,0.892578125,0.212646484375,0.024654626846313477,True,True
6,3.255913496017456,86.86364584700935,-0.17211667310416173,-0.267333984375,0.9423828125,0.174560546875,0.025182485580444336,True,True
7,3.280916213989258,86.8569847773682,-0.17655690346142852,-0.272216796875,0.90966796875,0.218994140625,0.025002717971801758,True,True
8,3.3060638904571533,86.84273321323835,-0.186002152573571,-0.265625,0.932373046875,0.220458984375,0.025147676467895508,True,True
9,3.330974578857422,86.82709099526224,-0.1964676856309522,-0.251220703125,0.9267578125,0.24560546875,0.024910688400268555,True,True
10,3.356067180633545,86.80183019450325,-0.21324607113833755,-0.28955078125,0.91357421875,0.231689453125,0.025092601776123047,True,True
11,3.380929946899414,86.79719767459386,-0.21635146433276004,-0.26953125,0.902587890625,0.21240234375,0.02486276626586914,True,True
12,3.406019449234009,86.78155545661775,-0.22674240909756155,-0.258544921875,0.980712890625,0.17724609375,0.025089502334594727,True,True
13,3.430957794189453,86.75971310672796,-0.2413399762368532,-0.258544921875,0.920654296875,0.196044921875,0.024938344955444336,True,True
14,3.456035614013672,86.74888040786983,-0.24853936526804693,-0.275634765625,0.871826171875,0.209716796875,0.02507781982421875,True,True
15,3.4808952808380127,86.74285737995882,-0.2525773839279991,-0.26806640625,0.943359375,0.216552734375,0.02485966682434082,True,True
16,3.505844831466675,86.72240579468559,-0.26623934360122653,-0.254638671875,0.958251953125,0.1982421875,0.02494955062866211,True,True
17,3.5309126377105713,86.71157309582746,-0.27344160849876586,-0.26318359375,0.93310546875,0.182373046875,0.025067806243896484,True,True
18,3.555946111679077,86.70415952206302,-0.2783773822110395,-0.238525390625,0.9140625,0.151611328125,0.02503347396850586,True,True
19,3.5808496475219727,86.70497545371845,-0.27783132075978517,-0.222412109375,0.930908203125,0.137939453125,0.024903535842895508,True,True
20,3.6058242321014404,86.69339001528883,-0.28556280633782394,-0.236083984375,0.932373046875,0.14453125,0.024974584579467773,True,True
21,3.6308329105377197,86.69420594694425,-0.28501904066230516,-0.23828125,0.940673828125,0.119384765625,0.025008678436279297,True,True
22,3.655947685241699,86.69021175811142,-0.2876696642360864,-0.243896484375,0.947998046875,0.129638671875,0.025114774703979492,True,True
23,3.680838108062744,86.67659778384859,-0.2967856030322418,-0.24072265625,0.940185546875,0.130615234375,0.024890422821044922,True,True
24,3.705941915512085,86.6553925719794,-0.31086395343916645,-0.253173828125,0.930908203125,0.115234375,0.02510380744934082,True,True
25,3.730912446975708,86.63418736011023,-0.32501744465878313,-0.2451171875,0.939453125,0.1806640625,0.024970531463623047,True,True
26,3.756021022796631,86.6191826913692,-0.3349773011689274,-0.255859375,0.91943359375,0.169921875,0.02510857582092285,True,True
27,3.7809178829193115,86.59658663640319,-0.350103743388731,-0.27783203125,0.9326171875,0.116455078125,0.024896860122680664,True,True
28,3.806121587753296,86.575381424534,-0.3641262928570631,-0.289794921875,0.941162109375,0.162353515625,0.025203704833984375,True,True
29,3.833003044128418,86.56582481408329,-0.3700514495384052,-0.266845703125,0.926513671875,0.189453125,0.02688145637512207,True,True
30,3.8621366024017334,86.56054926468562,-0.37306947509057303,-0.290283203125,0.91552734375,0.17529296875,0.02913355827331543,True,True
31,3.8917670249938965,86.56361615630762,-0.3713443947206375,-0.296630859375,0.931396484375,0.171875,0.029630422592163086,True,True
32,3.9217326641082764,86.55428977906311,-0.3765316567092253,-0.29736328125,0.91748046875,0.11865234375,0.029965639114379883,True,True
33,3.951639413833618,86.54837745953691,-0.3798265202325106,-0.289306640625,0.913818359375,0.144287109375,0.029906749725341797,True,True
34,3.981307029724121,86.5480291571832,-0.38002218945143257,-0.324951171875,0.911376953125,0.183349609375,0.02966761589050293,True,True
35,4.011217355728149,86.55387925636687,-0.37676239037575143,-0.307861328125,0.92431640625,0.136962890625,0.02991032600402832,True,True
36,4.041318893432617,86.55150385890448,-0.3780776041729714,-0.302001953125,0.932373046875,0.140380859375,0.030101537704467773,True,True
37,4.071222543716431,86.54710177801925,-0.3805310844022234,-0.300537109375,0.917236328125,0.14794921875,0.029903650283813477,True,True
38,4.1013782024383545,86.54750553535752,-0.38030793262055995,-0.2783203125,0.91357421875,0.1015625,0.030155658721923828,True,True
39,4.131222486495972,86.55336270454377,-0.37703697171397066,-0.3056640625,0.914794921875,0.09765625,0.029844284057617188,True,True
40,4.160391330718994,86.55516252733996,-0.37600857832362033,-0.311279296875,0.92431640625,0.116455078125,0.02916884422302246,True,True
41,4.190112829208374,86.5363320851497,-0.38656796190527964,-0.29541015625,0.93017578125,0.098876953125,0.029721498489379883,True,True
42,4.220094203948975,86.52370213751485,-0.38058052650099405,-0.27490234375,0.906494140625,0.111328125,0.029981374740600586,True,True
43,4.24988579750061,86.52891940761758,-0.3752334207738388,-0.26953125,0.894775390625,0.126708984375,0.029791593551635742,True,True
44,4.279724359512329,86.51426164819884,-0.3754974869679551,-0.263671875,0.897705078125,0.153564453125,0.02983856201171875,True,True
45,4.30960488319397,86.51542077531245,-0.3670562232786257,-0.2958984375,0.893310546875,0.157958984375,0.029880523681640625,True,True
46,4.3395836353302,86.51380199706881,-0.3575555907679398,-0.306640625,0.922607421875,0.1748046875,0.02997875213623047,True,True
47,4.368709087371826,86.51217811548497,-0.35184385301883275,-0.288330078125,0.9013671875,0.180908203125,0.029125452041625977,True,True
48,4.398472547531128,86.51814895515976,-0.3445049000844887,-0.275390625,0.88818359375,0.193115234375,0.029763460159301758,True,True
49,4.4284021854400635,86.51588940595397,-0.33566212624733305,-0.288330078125,0.85986328125,0.210205078125,0.029929637908935547,True,True
50,4.458415746688843,86.52464153767504,-0.32680351614389486,-0.302734375,0.899169921875,0.1923828125,0.030013561248779297,True,True
51,4.488349199295044,86.52782928406604,-0.3213991380324376,-0.336181640625,0.924560546875,0.16748046875,0.029933452606201172,True,True
52,4.517598867416382,86.51937015680693,-0.325257753935141,-0.3564453125,0.90673828125,0.13623046875,0.02924966812133789,True,True
53,4.547226428985596,86.53698563478082,-0.3136130346495152,-0.357666015625,0.90185546875,0.133544921875,0.029627561569213867,True,True
54,4.577197790145874,86.52574477238943,-0.3120311761030445,-0.361083984375,0.900390625,0.169189453125,0.02997136116027832,True,True
55,4.607363700866699,86.53171194293269,-0.3088956793194163,-0.373779296875,0.90380859375,0.14794921875,0.030165910720825195,True,True
56,4.637334108352661,86.53426560233248,-0.29886138051395456,-0.380126953125,0.91064453125,0.13671875,0.029970407485961914,True,True
57,4.667449712753296,86.53884896906318,-0.2938229438766363,-0.383544921875,0.92138671875,0.124267578125,0.030115604400634766,True,True
58,4.699028253555298,86.54418234009948,-0.2805118446111678,-0.376220703125,0.908203125,0.144775390625,0.03157854080200195,True,True
59,4.729061603546143,86.55432648012304,-0.26737700754437405,-0.365478515625,0.88671875,0.15869140625,0.030033349990844727,True,True
60,4.759212255477905,86.56927834714902,-0.25085538976609995,-0.36083984375,0.893798828125,0.1259765625,0.030150651931762695,True,True
61,4.789140701293945,86.56841278910586,-0.2426672094388807,-0.371826171875,0.896728515625,0.12353515625,0.02992844581604004,True,True
62,4.818984270095825,86.57716622357299,-0.23405552816273348,-0.384521484375,0.8935546875,0.11083984375,0.029843568801879883,True,True
63,4.849027872085571,86.59072904655261,-0.21237541047264114,-0.380859375,0.893310546875,0.105712890625,0.030043601989746094,True,True
64,4.878964424133301,86.59264355231718,-0.20532089948241616,-0.39892578125,0.90380859375,0.066162109375,0.029936552047729492,True,True
65,4.9091761112213135,86.60621149422116,-0.18032920799290506,-0.402587890625,0.9052734375,0.081298828125,0.030211687088012695,True,True
66,4.939899444580078,86.61357255094792,-0.17192747907567482,-0.416259765625,0.936279296875,0.08349609375,0.03072333335876465,True,True
67,4.969807147979736,86.62093687642451,-0.16338333086477175,-0.384521484375,0.910400390625,0.08154296875,0.029907703399658203,True,True
68,4.999697685241699,86.61386906746979,-0.15787902181936514,-0.364013671875,0.901611328125,0.068115234375,0.02989053726196289,True,True
69,5.031337261199951,86.60199200857033,-0.15366992474958457,-0.356201171875,0.89599609375,0.0947265625,0.03163957595825195,True,True
70,5.061153888702393,86.60390713884449,-0.13582103460850145,-0.347900390625,0.885498046875,0.09423828125,0.029816627502441406,True,True
71,5.090964317321777,86.5900006786426,-0.14049058285009478,-0.328857421875,0.883544921875,0.0478515625,0.029810428619384766,True,True
72,5.1210198402404785,86.59533779952376,-0.12714004843094912,-0.337646484375,0.869384765625,0.07763671875,0.030055522918701172,True,True
73,5.151077508926392,86.59447039106743,-0.11302345031678578,-0.350341796875,0.87255859375,0.0908203125,0.030057668685913086,True,True
74,5.180798053741455,86.60942577508082,-0.0974373913313844,-0.353759765625,0.868408203125,0.067626953125,0.029720544815063477,True,True
75,5.210843324661255,86.62919261038809,-0.08243434406508371,-0.35986328125,0.87158203125,0.058837890625,0.030045270919799805,True,True
76,5.240720272064209,86.6331361518851,-0.06657250464074387,-0.356689453125,0.868896484375,0.08935546875,0.0298769474029541,True,True
77,5.27060079574585,86.638469002258,-0.0563956988517711,-0.361328125,0.864990234375,0.06005859375,0.029880523681640625,True,True
78,5.300645112991333,86.6568451264954,-0.04126602608073595,-0.328857421875,0.845458984375,0.069580078125,0.0300443172454834,True,True
79,5.330697774887085,86.64432746382525,-0.048754158483736425,-0.3359375,0.850830078125,0.07080078125,0.030052661895751953,True,True
80,5.36059045791626,86.66548686171762,-0.02922524973042059,-0.3125,0.8671875,0.067138671875,0.029892683029174805,True,True
81,5.390667915344238,86.67424165092876,-0.024917769123956476,-0.342529296875,0.873291015625,0.082275390625,0.030077457427978516,True,True
82,5.420501470565796,86.69059101325973,-0.013133491509977547,-0.363037109375,0.8896484375,0.064208984375,0.029833555221557617,True,True
83,5.4506518840789795,86.70554815598597,0.004250516710660453,-0.3701171875,0.9091796875,0.045166015625,0.030150413513183594,True,True
84,5.4805614948272705,86.70810183586089,0.019751865618196664,-0.38671875,0.914306640625,0.0419921875,0.029909610748291016,True,True
85,5.509580135345459,86.71204653784376,0.036170970659615054,-0.377685546875,0.87548828125,0.084228515625,0.029018640518188477,True,True
86,5.538959741592407,86.72561460734278,0.05382781567768903,-0.38330078125,0.896484375,0.09033203125,0.029379606246948242,True,True
87,5.570232152938843,86.73019859788027,0.07139730079064442,-0.386474609375,0.89892578125,0.078369140625,0.03127241134643555,True,True
88,5.600190877914429,86.74237414582802,0.09219336279312182,-0.38720703125,0.8994140625,0.084716796875,0.029958724975585938,True,True
89,5.630317449569702,86.73466890048513,0.09385581221443082,-0.38818359375,0.901611328125,0.100830078125,0.030126571655273438,True,True
90,5.660125732421875,86.73519526219539,0.09716814170938051,-0.38427734375,0.902587890625,0.109130859375,0.02980828285217285,True,True
91,5.690037488937378,86.76180713645493,0.1102710517127013,-0.385498046875,0.8955078125,0.095947265625,0.02991175651550293,True,True
92,5.7190101146698,86.76575158928003,0.11772738247763705,-0.378173828125,0.8896484375,0.11279296875,0.028972625732421875,True,True
93,5.748674631118774,86.76702917051612,0.12174004029358247,-0.3798828125,0.904296875,0.108154296875,0.02966451644897461,True,True
94,5.778425216674805,86.75995982008851,0.11797536705453857,-0.37255859375,0.895263671875,0.11669921875,0.029750585556030273,True,True
95,5.8083696365356445,86.76251349996345,0.1161369123043352,-0.368408203125,0.89697265625,0.120849609375,0.029944419860839844,True,True
96,5.838309049606323,86.76303970201941,0.11774505216010514,-0.382080078125,0.908935546875,0.09765625,0.02993941307067871,True,True
97,5.868268966674805,86.76901242768034,0.12352115265744883,-0.40771484375,0.926513671875,0.083984375,0.029959917068481445,True,True
98,5.8984222412109375,86.76814760765406,0.12281998754799942,-0.40380859375,0.916015625,0.114501953125,0.030153274536132812,True,True
99,5.928268909454346,86.78513708514362,0.12903611430727924,-0.400390625,0.921630859375,0.110595703125,0.029846668243408203,True,True
100,5.958191394805908,86.77389717287335,0.12174714901021126,-0.38916015625,0.897705078125,0.102783203125,0.0299224853515625,True,True
101,5.988322019577026,86.77303089746121,0.1318273548899386,-0.3701171875,0.8955078125,0.091796875,0.030130624771118164,True,True
102,6.018202781677246,86.78178704166831,0.14373228763037343,-0.360595703125,0.880126953125,0.115966796875,0.029880762100219727,True,True
103,6.047323226928711,86.78573406497071,0.14307254979842593,-0.353515625,0.87109375,0.1162109375,0.029120445251464844,True,True
0,6.109472990036011,86.80689603199829,0.14307254979842593,-0.34423828125,0.8701171875,0.123046875,0.029120445251464844,True,True
1,6.1431357860565186,86.82463666871573,0.16004331054922669,-0.343994140625,0.9033203125,0.113037109375,0.03366279602050781,True,True
2,6.180585145950317,86.82035176863045,0.1574898009675246,-0.3720703125,0.89306640625,0.078857421875,0.03744935989379883,True,True
3,6.220264434814453,86.81884912909081,0.15775859930892508,-0.377197265625,0.898681640625,0.091552734375,0.03967928886413574,True,True
4,6.247121095657349,86.82760834514018,0.16412362601042654,-0.377685546875,0.900390625,0.0673828125,0.026856660842895508,True,True
5,6.272182941436768,86.82813525330161,0.16113053579229641,-0.3857421875,0.90625,0.0634765625,0.025061845779418945,True,True
6,6.2972235679626465,86.82245807651024,0.15861014802416384,-0.37109375,0.900634765625,0.06884765625,0.025040626525878906,True,True
7,6.3222880363464355,86.81336105498148,0.1477009675528907,-0.36572265625,0.891357421875,0.07421875,0.025064468383789062,True,True
8,6.347408771514893,86.80565473900916,0.14081320821366825,-0.369873046875,0.89404296875,0.076904296875,0.02512073516845703,True,True
9,6.372307300567627,86.8075722309483,0.1469168160663846,-0.376708984375,0.892822265625,0.0673828125,0.024898529052734375,True,True
10,6.397563934326172,86.79772217791928,0.13050744058606775,-0.379638671875,0.892333984375,0.054931640625,0.025256633758544922,True,True
11,6.422588348388672,86.78242432593723,0.1265697132465798,-0.386962890625,0.89599609375,0.0556640625,0.0250244140625,True,True
12,6.447551250457764,86.7863709756392,0.12590786126290188,-0.37744140625,0.888671875,0.0712890625,0.024962902069091797,True,True
13,6.47255277633667,86.78208641103163,0.12163155870859636,-0.37548828125,0.88525390625,0.06787109375,0.02500152587890625,True,True
14,6.49769139289856,86.77919063434587,0.11717514562159653,-0.380859375,0.888671875,0.058349609375,0.02513861656188965,True,True
15,6.522675037384033,86.77971690405334,0.11471135082054365,-0.3759765625,0.884033203125,0.05908203125,0.024983644485473633,True,True
16,6.547659635543823,86.77746133814406,0.10757733788766062,-0.368408203125,0.880126953125,0.07958984375,0.02498459815979004,True,True
17,6.572726249694824,86.78964213008014,0.1074111979194547,-0.367431640625,0.889892578125,0.0693359375,0.025066614151000977,True,True
18,6.5977489948272705,86.78942061655295,0.10774567172178848,-0.36767578125,0.88330078125,0.076904296875,0.02502274513244629,True,True
19,6.6227405071258545,86.79336714173559,0.10548907240246201,-0.373291015625,0.890625,0.077880859375,0.024991512298583984,True,True
20,6.647803068161011,86.78769109552661,0.09419052094933332,-0.375244140625,0.894775390625,0.08154296875,0.02506256103515625,True,True
21,6.672796010971069,86.77581254366041,0.0852033817425128,-0.3896484375,0.888671875,0.072509765625,0.024992942810058594,True,True
22,6.697797536849976,86.77355674247632,0.07621467600242532,-0.39013671875,0.8837890625,0.07666015625,0.02500152587890625,True,True
23,6.72291111946106,86.77408166753419,0.07256984772854522,-0.346923828125,0.87890625,0.047607421875,0.025113582611083984,True,True
24,6.7478437423706055,86.76979743852074,0.06560205882733064,-0.344970703125,0.872314453125,-0.048828125,0.0249326229095459,True,True
25,6.772862195968628,86.79096197503122,0.08364228260049815,-0.46337890625,0.760498046875,0.191650390625,0.02501845359802246,True,True
26,6.797967910766602,86.7790844503095,0.08201371125191755,-0.357421875,0.9169921875,0.055419921875,0.025105714797973633,True,True
27,6.822990655899048,86.78303354640573,0.08357354425392728,-0.36376953125,0.896240234375,0.072021484375,0.02502274513244629,True,True
28,6.851811170578003,86.76634339133055,0.0816967062421545,-0.369140625,0.901123046875,0.048095703125,0.028820514678955078,True,True
29,6.881706714630127,86.76002837033786,0.07521651332684894,-0.365478515625,0.89404296875,0.041259765625,0.029895544052124023,True,True
30,6.9117491245269775,86.76472824460411,0.07830483768864285,-0.35888671875,0.902587890625,0.0234375,0.030042409896850586,True,True
31,6.941447019577026,86.76525538023049,0.07021399993931156,-0.385498046875,0.9111328125,0.04833984375,0.029697895050048828,True,True
32,6.971617221832275,86.75894086487266,0.05576069764689011,-0.417236328125,0.920166015625,0.12451171875,0.030170202255249023,True,True
33,7.001569747924805,86.76225079700357,0.055402583606785925,-0.4111328125,0.942138671875,0.15576171875,0.029952526092529297,True,True
34,7.031606674194336,86.75593554623637,0.048923883251468674,-0.402587890625,0.938720703125,0.08837890625,0.03003692626953125,True,True
35,7.061308860778809,86.75507166259843,0.038245236694690134,-0.373046875,0.933349609375,0.08447265625,0.029702186584472656,True,True
36,7.091431617736816,86.74319234848457,0.03861458361456035,-0.33740234375,0.905029296875,0.097412109375,0.030122756958007812,True,True
37,7.121434211730957,86.72725298202829,0.01796272246446863,-0.347412109375,0.901123046875,0.12060546875,0.030002593994140625,True,True
38,7.1513776779174805,86.73056187486515,0.014953220675393305,-0.33056640625,0.88818359375,0.00390625,0.029943466186523438,True,True
39,7.18038535118103,86.7234944660967,0.0017589118880657491,-0.323974609375,0.908203125,0.096435546875,0.029007673263549805,True,True
40,7.209962844848633,86.73022266668484,-0.0027178736051529976,-0.2841796875,0.926513671875,0.12548828125,0.02957749366760254,True,True
41,7.240036487579346,86.72112408267407,-0.009183263152437863,-0.3271484375,0.948974609375,0.0625,0.03007364273071289,True,True
42,7.2700910568237305,86.71683938863265,-0.01382494055300089,-0.304443359375,0.933349609375,0.093994140625,0.030054569244384766,True,True
43,7.299194574356079,86.72635202602447,-0.01607434162225955,-0.3251953125,0.951416015625,0.27490234375,0.029103517532348633,True,True
44,7.329019069671631,86.72484901901213,-0.01935730205994616,-0.374755859375,0.928466796875,0.176513671875,0.029824495315551758,True,True
45,7.359098672866821,86.71650369798164,-0.030754834496845088,-0.38330078125,0.9423828125,0.12744140625,0.03007960319519043,True,True
46,7.388923168182373,86.71917288007789,-0.025000522171906583,-0.38525390625,0.950439453125,0.18994140625,0.029824495315551758,True,True
47,7.418950796127319,86.71424740759966,-0.028028682019693073,-0.39013671875,0.967529296875,0.206787109375,0.03002762794494629,True,True
48,7.4488983154296875,86.70932278949819,-0.04559736578825621,-0.348388671875,0.94091796875,0.1689453125,0.029947519302368164,True,True
49,7.478784799575806,86.69616455245912,-0.05520433184214538,-0.333984375,0.95947265625,0.10595703125,0.029886484146118164,True,True
50,7.508761405944824,86.68161584666943,-0.06401104810426567,-0.3359375,0.95361328125,0.122802734375,0.029976606369018555,True,True
51,7.539062976837158,86.6690973789921,-0.06693619447777789,-0.30322265625,0.92041015625,0.280029296875,0.030301570892333984,True,True
52,7.569089651107788,86.66278166869284,-0.07186314976011052,-0.306884765625,0.886474609375,0.121826171875,0.030026674270629883,True,True
53,7.598855257034302,86.66127954905343,-0.07299715822045448,-0.276123046875,0.904052734375,0.058349609375,0.029765605926513672,True,True
54,7.628878593444824,86.65635606400811,-0.0790529218996157,-0.2275390625,0.882568359375,0.205810546875,0.03002333641052246,True,True
55,7.658651113510132,86.66105777893041,-0.07594288698951611,-0.279296875,0.84228515625,0.1865234375,0.029772520065307617,True,True
56,7.68861198425293,86.66233586882886,-0.08471899737804427,-0.251708984375,0.901611328125,0.12451171875,0.02996087074279785,True,True
57,7.718597412109375,86.67323945254898,-0.07239793514898146,-0.214599609375,0.899169921875,0.037109375,0.029985427856445312,True,True
58,7.748922824859619,86.6855339447623,-0.06516177757532159,-0.217041015625,0.8857421875,0.115478515625,0.03032541275024414,True,True
59,7.7789294719696045,86.68959537246532,-0.06778986491675859,-0.1904296875,0.9130859375,0.112548828125,0.03000664710998535,True,True
60,7.808893918991089,86.6922644679302,-0.06856429655248163,-0.188720703125,0.904052734375,0.095703125,0.029964447021484375,True,True
61,7.838767766952515,86.70113882444043,-0.07239678238763171,-0.15771484375,0.916259765625,0.14013671875,0.02987384796142578,True,True
62,7.868691921234131,86.70520024119543,-0.0682277456005119,-0.148193359375,0.90087890625,0.140380859375,0.02992415428161621,True,True
63,7.898709535598755,86.702418321648,-0.06914118924126085,-0.152099609375,0.930419921875,0.216064453125,0.030017614364624023,True,True
64,7.928713321685791,86.73054322408152,-0.05895399638591264,-0.20947265625,0.981689453125,0.23828125,0.030003786087036133,True,True
65,7.959002733230591,86.72433980208281,-0.06271781780350369,-0.2197265625,1.008544921875,0.213134765625,0.030289411544799805,True,True
66,7.987948417663574,86.72294874771947,-0.05974013048600095,-0.296142578125,1.01318359375,0.238037109375,0.0289456844329834,True,True
67,8.017543077468872,86.71193261026511,-0.05989494780448552,-0.36572265625,1.03173828125,0.283447265625,0.02959465980529785,True,True
68,8.047711610794067,86.69749426331586,-0.06275858955838341,-0.36474609375,1.0771484375,0.250244140625,0.030168533325195312,True,True
69,8.077541828155518,86.68647858778643,-0.0701967786932789,-0.314697265625,1.0615234375,0.2060546875,0.029830217361450195,True,True
70,8.107398509979248,86.67824509117459,-0.06829292293031712,-0.33251953125,1.019775390625,0.214111328125,0.02985668182373047,True,True
71,8.137424230575562,86.68444870295745,-0.05466080606888903,-0.294189453125,1.034423828125,0.205322265625,0.030025720596313477,True,True
72,8.167328596115112,86.69546502411755,-0.05115606519271188,-0.25732421875,0.99560546875,0.2431640625,0.02990436553955078,True,True
73,8.196431159973145,86.70648093060163,-0.04199119415180969,-0.24658203125,0.984130859375,0.1259765625,0.029102563858032227,True,True
74,8.226166725158691,86.71065364787438,-0.03773252988158291,-0.239501953125,1.017578125,0.167236328125,0.029735565185546875,True,True
75,8.256416320800781,86.69899825982115,-0.04450539328255496,-0.229248046875,1.01416015625,0.201416015625,0.030249595642089844,True,True
76,8.286657810211182,86.69835867905131,-0.04335324097679706,-0.265869140625,1.023681640625,0.223388671875,0.03024148941040039,True,True
77,8.31667447090149,86.69290631596802,-0.05447959806383995,-0.212158203125,0.985107421875,0.129150390625,0.030016660690307617,True,True
78,8.346713066101074,86.70531350778572,-0.04744802861768475,-0.199951171875,0.946044921875,0.16552734375,0.03003859519958496,True,True
79,8.376853466033936,86.70809542733315,-0.04854162739587597,-0.256591796875,0.975341796875,0.215087890625,0.030140399932861328,True,True
80,8.406828165054321,86.69644049785583,-0.051247468459771364,-0.286376953125,1.028564453125,0.169677734375,0.029974699020385742,True,True
81,8.436792612075806,86.68617654980794,-0.049035156849053047,-0.30126953125,1.006591796875,0.1318359375,0.029964447021484375,True,True
82,8.465871095657349,86.69034926708069,-0.04513974037124205,-0.29345703125,0.953125,0.1875,0.02907848358154297,True,True
83,8.495484828948975,86.7007253165642,-0.039648446850397874,-0.273681640625,0.96533203125,0.1904296875,0.029613733291625977,True,True
84,8.524473428726196,86.70628915565794,-0.03358570961835556,-0.2509765625,0.963134765625,0.203857421875,0.02898859977722168,True,True
85,8.554265975952148,86.70843153500782,-0.04648649484705903,-0.204833984375,0.978759765625,0.158935546875,0.02979254722595215,True,True
86,8.584602355957031,86.72437170862133,-0.029844029957191688,-0.19091796875,1.0185546875,0.2099609375,0.030336380004882812,True,True
87,8.613416910171509,86.7361389171552,-0.0256680800213011,-0.194091796875,1.05419921875,0.19482421875,0.02881455421447754,True,True
88,8.643186807632446,86.74309344594063,-0.012122810068798475,-0.153564453125,1.0751953125,0.173583984375,0.0297698974609375,True,True
89,8.67336916923523,86.74384532811523,-0.008187018303320878,-0.125,1.07275390625,0.204833984375,0.030182361602783203,True,True
90,8.703442811965942,86.74459721028981,-0.010377684192399518,-0.108642578125,1.020751953125,0.130126953125,0.03007364273071289,True,True
91,8.733493328094482,86.76053781542096,-0.001832511768623298,-0.10595703125,0.9853515625,0.124755859375,0.03005051612854004,True,True
92,8.763548612594604,86.77508650040885,0.009723497331182137,-0.137939453125,0.986083984375,0.120849609375,0.03005528450012207,True,True
93,8.79357647895813,86.78482233014728,0.013285506467492504,-0.153076171875,0.94091796875,0.112060546875,0.03002786636352539,True,True
94,8.823796033859253,86.80076169660354,0.025580533582261415,-0.124267578125,0.89990234375,0.088134765625,0.030219554901123047,True,True
95,8.853833436965942,86.80910701763403,0.03069579735185713,-0.09814453125,0.872802734375,0.064697265625,0.030037403106689453,True,True
96,8.883864164352417,86.82023439311357,0.043444071366439345,-0.108154296875,0.89208984375,0.05126953125,0.03003072738647461,True,True
97,8.913904666900635,86.83414434177557,0.06001583954663105,-0.100341796875,0.93896484375,0.06298828125,0.030040502548217773,True,True
98,8.944141149520874,86.86452081644637,0.07491792680840738,-0.084716796875,0.926513671875,0.0517578125,0.030236482620239258,True,True
99,8.974121809005737,86.88046067032799,0.08783976859828548,-0.069091796875,0.89404296875,-0.0146484375,0.02998065948486328,True,True
100,9.004363298416138,86.890197256306,0.08941450453345473,-0.092529296875,0.914306640625,0.06884765625,0.03024148941040039,True,True
101,9.034641027450562,86.89448298354583,0.0968160152898437,-0.068115234375,0.907470703125,0.016845703125,0.030277729034423828,True,True
102,9.0648353099823,86.9083922028843,0.10686970201014521,-0.08251953125,0.89306640625,0.03173828125,0.03019428253173828,True,True
0,9.11920952796936,86.91748783762706,0.10686970201014521,-0.072021484375,0.877197265625,-0.04345703125,0.03019428253173828,True,True
1,9.156629085540771,86.92594352636364,0.10518827736857929,-0.065185546875,0.84814453125,0.0078125,0.03741955757141113,True,True
2,9.199301481246948,86.92958620787955,0.10745092634391046,-0.065185546875,0.880615234375,0.089599609375,0.04267239570617676,True,True
3,9.237937688827515,86.94285585194353,0.11779912955162541,-0.05810546875,0.89794921875,-0.05712890625,0.038636207580566406,True,True
4,9.264697313308716,86.94586029742055,0.11817877986695925,-0.020751953125,0.888916015625,-0.00634765625,0.026759624481201172,True,True
5,9.289788961410522,86.96875057764841,0.13611708423690103,-0.0390625,0.8916015625,-0.00146484375,0.02509164810180664,True,True
6,9.31503677368164,86.98201718356438,0.14761537200217584,-0.03125,0.92236328125,-0.170654296875,0.025247812271118164,True,True
7,9.340044260025024,87.00427072361076,0.1697845213701308,-0.02587890625,0.940673828125,-0.163330078125,0.02500748634338379,True,True
8,9.365149974822998,87.00652253173668,0.17936832750178253,-0.0205078125,0.919921875,-0.04541015625,0.025105714797973633,True,True
9,9.390126705169678,87.00674591212926,0.18640287533703653,-0.02587890625,0.918212890625,0.009033203125,0.024976730346679688,True,True
10,9.41530704498291,87.02824676831376,0.2041397320091191,-0.050537109375,0.949462890625,-0.069091796875,0.025180339813232422,True,True
11,9.44025993347168,87.02226285222501,0.20098400518951098,-0.072509765625,0.94189453125,-0.14013671875,0.02495288848876953,True,True
12,9.465351581573486,87.05060752834379,0.22254457941459221,-0.0771484375,0.942626953125,-0.12548828125,0.02509164810180664,True,True
13,9.490296125411987,87.07210943855152,0.23427903302016098,-0.039794921875,0.89990234375,-0.09228515625,0.024944543838500977,True,True
14,9.51551866531372,87.09361082175207,0.2477758392599393,-0.0625,0.879150390625,-0.080078125,0.0252225399017334,True,True
15,9.540483474731445,87.11650325931595,0.25699848688111165,-0.0654296875,0.9375,-0.20361328125,0.02496480941772461,True,True
16,9.565665006637573,87.14142701902898,0.2667375643884876,-0.06689453125,0.931396484375,-0.201416015625,0.02518153190612793,True,True
17,9.590558528900146,87.17939533755691,0.28990219645762405,-0.094482421875,0.918701171875,-0.0947265625,0.024893522262573242,True,True
18,9.615662097930908,87.19469363598178,0.29857439472410774,-0.092529296875,0.94091796875,-0.1533203125,0.02510356903076172,True,True
19,9.640692710876465,87.19694653991495,0.2951234763555718,-0.08740234375,0.913330078125,-0.263427734375,0.02503061294555664,True,True
20,9.665799379348755,87.20743273990594,0.29982251359410017,-0.107421875,0.893798828125,-0.28125,0.02510666847229004,True,True
21,9.690706253051758,87.2199488484142,0.3097423882030906,-0.099365234375,0.891845703125,-0.200439453125,0.02490687370300293,True,True
22,9.71599268913269,87.23107559651594,0.30145321947999004,-0.087890625,0.87451171875,-0.195068359375,0.025286436080932617,True,True
23,9.740898370742798,87.2435927020075,0.3132429743390011,-0.090576171875,0.902587890625,-0.2880859375,0.024905681610107422,True,True
24,9.765959024429321,87.25471916936307,0.3214436231813117,-0.072998046875,0.87451171875,-0.3095703125,0.025060653686523438,True,True
25,9.790994644165039,87.25900213262054,0.3304987689498387,-0.062744140625,0.853759765625,-0.32958984375,0.025035619735717773,True,True
26,9.816075325012207,87.28114241387188,0.3531879688006955,-0.06298828125,0.8076171875,-0.2314453125,0.02508068084716797,True,True
27,9.84105396270752,87.30809564177407,0.3773268062528518,-0.058837890625,0.8466796875,-0.284423828125,0.0249786376953125,True,True
28,9.869064569473267,87.33986077674126,0.40082358657973177,-0.069580078125,0.85888671875,-0.355712890625,0.02801060676574707,True,True
29,9.899022102355957,87.35718871937598,0.4070203691795368,-0.070556640625,0.855712890625,-0.355224609375,0.02995753288269043,True,True
30,9.92884874343872,87.35665857504236,0.40058438189446033,-0.076171875,0.825439453125,-0.27734375,0.029826641082763672,True,True
31,9.958909273147583,87.37398660866137,0.4038830140357977,-0.090576171875,0.8369140625,-0.258056640625,0.030060529708862305,True,True
32,9.988849639892578,87.39409599696583,0.41273835632229083,-0.0908203125,0.858642578125,-0.390380859375,0.029940366744995117,True,True
33,10.019887208938599,87.39901880094983,0.4218036087510649,-0.127197265625,0.830810546875,-0.3388671875,0.031037569046020508,True,True
34,10.04981780052185,87.40811290840291,0.42722009207361733,-0.109375,0.8359375,-0.276611328125,0.029930591583251953,True,True
35,10.080209493637085,87.41581706708082,0.43447242706219813,-0.137451171875,0.84619140625,-0.3505859375,0.030391693115234375,True,True
36,10.110338926315308,87.43592759492081,0.43871291865469947,-0.14404296875,0.853515625,-0.373779296875,0.030129432678222656,True,True
37,10.140257358551025,87.4684422128181,0.4552875313906316,-0.13623046875,0.844482421875,-0.35791015625,0.029918432235717773,True,True
38,10.169947862625122,87.49197186205521,0.47497624867909494,-0.12548828125,0.822509765625,-0.36376953125,0.02969050407409668,True,True
39,10.199893474578857,87.49625389515806,0.4830684356386781,-0.11572265625,0.842529296875,-0.39501953125,0.02994561195373535,True,True
40,10.229834079742432,87.4991454415021,0.4822863962029857,-0.110107421875,0.827392578125,-0.390625,0.02994060516357422,True,True
41,10.26165771484375,87.49241432210061,0.47292151511748476,-0.126708984375,0.833984375,-0.380126953125,0.03182363510131836,True,True
42,10.291760206222534,87.50011821313774,0.47398801628539095,-0.142578125,0.849853515625,-0.377197265625,0.03010249137878418,True,True
43,10.321626663208008,87.51947590465,0.4835918768564054,-0.1572265625,0.81640625,-0.42822265625,0.029866456985473633,True,True
44,10.351572275161743,87.53402192869932,0.4829302209356912,-0.162353515625,0.8154296875,-0.390625,0.02994561195373535,True,True
45,10.381321668624878,87.52589778320838,0.4715724985586484,-0.174560546875,0.820068359375,-0.415283203125,0.029749393463134766,True,True
46,10.411420583724976,87.53702273690871,0.4738392265996495,-0.181640625,0.82470703125,-0.39697265625,0.030098915100097656,True,True
47,10.441436052322388,87.53852537644835,0.4742584076218331,-0.165771484375,0.790283203125,-0.40625,0.03001546859741211,True,True
48,10.471328496932983,87.55649258382736,0.48385941529530346,-0.178466796875,0.7763671875,-0.4208984375,0.029892444610595703,True,True
49,10.501489162445068,87.57584986456077,0.4857151688475151,-0.170166015625,0.802001953125,-0.44970703125,0.03016066551208496,True,True
50,10.531567573547363,87.57457022149487,0.47693837389073945,-0.17236328125,0.76953125,-0.427734375,0.030078411102294922,True,True
51,10.561598300933838,87.56772862146627,0.4677375992013663,-0.164794921875,0.751220703125,-0.453125,0.03003072738647461,True,True
52,10.591509819030762,87.57329079557095,0.46204596915668733,-0.1865234375,0.759765625,-0.495361328125,0.029911518096923828,True,True
53,10.621310234069824,87.5946779546146,0.46937678464039173,-0.205810546875,0.764404296875,-0.4755859375,0.0298004150390625,True,True
54,10.653213739395142,87.60911188903587,0.4707416466354577,-0.193115234375,0.774169921875,-0.425048828125,0.03190350532531738,True,True
55,10.684170246124268,87.5946766054647,0.4552525073682652,-0.237060546875,0.723876953125,-0.497802734375,0.030956506729125977,True,True
56,10.713137865066528,87.58783469609769,0.43457214831353574,-0.2333984375,0.77978515625,-0.4716796875,0.028967618942260742,True,True
57,10.742598533630371,87.58783469609769,0.4257109612707875,-0.226806640625,0.71240234375,-0.4560546875,0.029460668563842773,True,True
58,10.772367238998413,87.58719499903799,0.4199867928879914,-0.269287109375,0.741455078125,-0.425537109375,0.029768705368041992,True,True
59,10.802295684814453,87.59275760523133,0.420725398459172,-0.263427734375,0.7734375,-0.51123046875,0.02992844581604004,True,True
60,10.831258058547974,87.58591569586432,0.4091105350957936,-0.259033203125,0.811767578125,-0.52294921875,0.028962373733520508,True,True
61,10.860707998275757,87.59008726967625,0.40770519988752235,-0.264892578125,0.808837890625,-0.526123046875,0.029449939727783203,True,True
62,10.890708208084106,87.58741627384447,0.4047985922611698,-0.255859375,0.76953125,-0.530029296875,0.03000020980834961,True,True
63,10.920779943466187,87.5881666928166,0.39949031388187883,-0.2587890625,0.7705078125,-0.504638671875,0.030071735382080078,True,True
64,10.95075249671936,87.57790411339664,0.391912404520984,-0.265380859375,0.78369140625,-0.52880859375,0.029972553253173828,True,True
65,10.980651140213013,87.57726400501262,0.37635113474844323,-0.271484375,0.791259765625,-0.483154296875,0.029898643493652344,True,True
66,11.010440587997437,87.59383956084729,0.37686726931464914,-0.270263671875,0.7548828125,-0.493896484375,0.029789447784423828,True,True
67,11.039512157440186,87.58977747713303,0.35970723358663403,-0.253662109375,0.741943359375,-0.541748046875,0.029071569442749023,True,True
68,11.06816577911377,87.59052789610516,0.35864883815216214,-0.237060546875,0.758544921875,-0.52197265625,0.028653621673583984,True,True
69,11.098108291625977,87.59266968087071,0.35969194405922017,-0.2529296875,0.76171875,-0.499267578125,0.02994251251220703,True,True
70,11.128520727157593,87.59342046505975,0.3458721441752308,-0.242919921875,0.74609375,-0.5322265625,0.03041243553161621,True,True
71,11.160585165023804,87.60037253416503,0.35348254609096996,-0.226318359375,0.731689453125,-0.526611328125,0.03206443786621094,True,True
72,11.194983720779419,87.60732552185581,0.33802395230031973,-0.2119140625,0.72607421875,-0.4853515625,0.034398555755615234,True,True
73,11.219826459884644,87.60604637663945,0.32279931542386486,-0.222900390625,0.755126953125,-0.5078125,0.02484273910522461,True,True
74,11.25567078590393,87.61096888325864,0.31088036771697125,-0.22705078125,0.737060546875,-0.5029296875,0.03584432601928711,True,True
75,11.28038763999939,87.62070229056086,0.302160502526956,-0.224609375,0.758056640625,-0.51611328125,0.024716854095458984,True,True
76,11.305228233337402,87.62626372978035,0.28939586381394117,-0.229736328125,0.746826171875,-0.51806640625,0.024840593338012695,True,True
77,11.339057683944702,87.63118538195002,0.2664001203107576,-0.241943359375,0.744384765625,-0.5126953125,0.033829450607299805,True,True
78,11.364540100097656,87.63471607134645,0.2585525643324779,-0.2265625,0.734619140625,-0.508544921875,0.0254824161529541,True,True
79,11.404301881790161,87.63001467767447,0.2550818151214653,-0.228515625,0.727783203125,-0.51708984375,0.03976178169250488,True,True
80,11.429262399673462,87.62873537004322,0.24726649550646268,-0.243408203125,0.7275390625,-0.539306640625,0.02496051788330078,True,True
81,11.465652704238892,87.61986345282595,0.2348279093948738,-0.2529296875,0.739990234375,-0.53955078125,0.03639030456542969,True,True
82,11.490436315536499,87.61238208426803,0.2224629777928816,-0.251220703125,0.739501953125,-0.515869140625,0.024783611297607422,True,True
83,11.515513181686401,87.63173772183133,0.22695084458490958,-0.249755859375,0.72802734375,-0.554931640625,0.025076866149902344,True,True
84,11.546263694763184,87.61805494280688,0.21213513577226792,-0.251708984375,0.71728515625,-0.515380859375,0.030750513076782227,True,True
85,11.57741928100586,87.6153851539362,0.20785568701963741,-0.223876953125,0.720703125,-0.524169921875,0.03115558624267578,True,True
86,11.602422714233398,87.60790457618937,0.18815661380470636,-0.221435546875,0.692138671875,-0.533203125,0.025003433227539062,True,True
87,11.63611626625061,87.59283069726139,0.16271606601830138,-0.227294921875,0.712158203125,-0.53466796875,0.033693552017211914,True,True
88,11.667466878890991,87.58117731294566,0.137620215168841,-0.21875,0.699462890625,-0.57275390625,0.03135061264038086,True,True
89,11.692411422729492,87.59978273561997,0.14041112443387976,-0.235107421875,0.691650390625,-0.58349609375,0.024944543838500977,True,True
90,11.726133108139038,87.6067347909465,0.14414335727830171,-0.23681640625,0.696044921875,-0.574462890625,0.0337216854095459,True,True
91,11.757123708724976,87.62533973975265,0.1445417506164821,-0.2470703125,0.6923828125,-0.58203125,0.0309906005859375,True,True
92,11.7820463180542,87.61924970789423,0.129274988226664,-0.2529296875,0.68359375,-0.58056640625,0.024922609329223633,True,True
93,11.81617259979248,87.60695665108798,0.12062781359776521,-0.271484375,0.676025390625,-0.59033203125,0.03412628173828125,True,True
94,11.847552299499512,87.6125182196557,0.11851772556545807,-0.27490234375,0.67041015625,-0.589111328125,0.03137969970703125,True,True
95,11.872333765029907,87.61807978822343,0.11803320859554943,-0.289794921875,0.68212890625,-0.60888671875,0.024781465530395508,True,True
96,11.905959129333496,87.62161104012694,0.10865898077733878,-0.296630859375,0.66552734375,-0.599365234375,0.03362536430358887,True,True
97,11.933548927307129,87.62856382479484,0.094746150459542,-0.29541015625,0.656005859375,-0.610107421875,0.027589797973632812,True,True
98,11.967158317565918,87.63070486039214,0.08259958426612034,-0.28125,0.662353515625,-0.617431640625,0.03360939025878906,True,True
99,12.005630731582642,87.61702146270359,0.0742885601879766,-0.2841796875,0.648681640625,-0.606689453125,0.03847241401672363,True,True
100,12.03096342086792,87.61435229892857,0.07092288537481085,-0.2763671875,0.645751953125,-0.625,0.02533268928527832,True,True
101,12.05606722831726,87.63231764162958,0.08637547478287386,-0.276123046875,0.632080078125,-0.628173828125,0.02510380744934082,True,True
102,12.086037635803223,87.64065976739046,0.08674919782035108,-0.2763671875,0.624755859375,-0.6259765625,0.029970407485961914,True,True
0,12.140663862228394,87.62216586704326,0.08674919782035108,-0.276123046875,0.610595703125,-0.612548828125,0.029970407485961914,True,True
1,12.17971920967102,87.62430626974705,0.07686024450814327,-0.28173828125,0.606689453125,-0.63037109375,0.03905534744262695,True,True
2,12.207628965377808,87.61479627135563,0.06308542601613705,-0.283935546875,0.590087890625,-0.62841796875,0.02790975570678711,True,True
3,12.254802227020264,87.62313883472994,0.07058435094764257,-0.29296875,0.58837890625,-0.65087890625,0.047173261642456055,True,True
4,12.306878566741943,87.62945109799654,0.06644432791372454,-0.308837890625,0.575439453125,-0.628173828125,0.05207633972167969,True,True
5,12.337281942367554,87.62272337957633,0.06192192579098788,-0.294921875,0.558349609375,-0.64697265625,0.03040337562561035,True,True
6,12.362469673156738,87.62283578673534,0.05197860824250184,-0.30908203125,0.547607421875,-0.663818359375,0.02518773078918457,True,True
7,12.393036127090454,87.61674663985406,0.037961681435772915,-0.3134765625,0.516845703125,-0.65185546875,0.03056645393371582,True,True
8,12.427262544631958,87.62508876561495,0.04273296657340469,-0.316650390625,0.518798828125,-0.676025390625,0.034226417541503906,True,True
9,12.457503318786621,87.62380929555326,0.04582480916918321,-0.340087890625,0.522705078125,-0.700927734375,0.030240774154663086,True,True
10,12.482462882995605,87.61290883720118,0.03544682645561449,-0.3505859375,0.497314453125,-0.702392578125,0.024959564208984375,True,True
11,12.516094207763672,87.62264220586708,0.028309057620233412,-0.3486328125,0.48779296875,-0.677490234375,0.033631324768066406,True,True
12,12.547748804092407,87.61997233026366,0.019362912135026892,-0.341064453125,0.4853515625,-0.680419921875,0.03165459632873535,True,True
13,12.572576522827148,87.59805849018161,0.012424120036249231,-0.3525390625,0.457763671875,-0.69677734375,0.02482771873474121,True,True
14,12.604319095611572,87.59057715119286,0.012432516368691492,-0.372314453125,0.44140625,-0.70361328125,0.03174257278442383,True,True
15,12.62924575805664,87.59271807048869,0.013863995145378867,-0.37939453125,0.442626953125,-0.65625,0.02492666244506836,True,True
16,12.66572904586792,87.60448093647105,0.019595775758356096,-0.36865234375,0.431640625,-0.65771484375,0.0364832878112793,True,True
17,12.690457582473755,87.60181168594993,0.014699015241590537,-0.3974609375,0.40576171875,-0.70458984375,0.02472853660583496,True,True
18,12.71544623374939,87.57572749725814,0.0012388988233656417,-0.421142578125,0.405517578125,-0.70068359375,0.024988651275634766,True,True
19,12.746129035949707,87.5702772519416,-0.004082460901655183,-0.39990234375,0.39013671875,-0.6982421875,0.030682802200317383,True,True
20,12.77741026878357,87.57102853111864,-0.0021983025406292368,-0.4189453125,0.350341796875,-0.688232421875,0.031281232833862305,True,True
21,12.80237603187561,87.56418780180074,-0.007180947720864073,-0.41748046875,0.346923828125,-0.685302734375,0.024965763092041016,True,True
22,12.836103439331055,87.55253604998597,-0.007232099579154108,-0.42919921875,0.3134765625,-0.677490234375,0.033727407455444336,True,True
23,12.867549180984497,87.53746234926167,-0.014864542705945278,-0.430908203125,0.249755859375,-0.68994140625,0.03144574165344238,True,True
24,12.89240574836731,87.53201164600245,-0.027793042348040923,-0.450439453125,0.216552734375,-0.694091796875,0.0248565673828125,True,True
25,12.92603325843811,87.52035914951882,-0.031239538364452382,-0.44677734375,0.221435546875,-0.731201171875,0.03362751007080078,True,True
26,12.957583665847778,87.50453637457504,-0.040034490179686674,-0.49267578125,0.177734375,-0.69580078125,0.03155040740966797,True,True
27,12.982743263244629,87.49491509456351,-0.047600154011409566,-0.51220703125,0.14892578125,-0.7236328125,0.025159597396850586,True,True
28,13.016180992126465,87.49769609489026,-0.046625440943830025,-0.533203125,0.126953125,-0.6884765625,0.03343772888183594,True,True
29,13.0474693775177,87.49908653828115,-0.04949837360649555,-0.5556640625,0.09521484375,-0.6962890625,0.03128838539123535,True,True
30,13.072380304336548,87.47706115520872,-0.06760330296971011,-0.556396484375,0.071044921875,-0.695556640625,0.024910926818847656,True,True
31,13.105960607528687,87.47706115520872,-0.06674514128113763,-0.55029296875,0.025634765625,-0.652099609375,0.03358030319213867,True,True
32,13.133683204650879,87.48668318864001,-0.0632492656825392,-0.5830078125,0.01708984375,-0.69873046875,0.027722597122192383,True,True
33,13.167207717895508,87.49010345842886,-0.06811215591102678,-0.5703125,-0.011474609375,-0.70166015625,0.033524513244628906,True,True
34,13.205749988555908,87.48871293934157,-0.07244487070535319,-0.595947265625,-0.044677734375,-0.62255859375,0.03854227066040039,True,True
35,13.23069977760315,87.492133693876,-0.0725845156762199,-0.630126953125,-0.054443359375,-0.65283203125,0.02494978904724121,True,True
36,13.255977153778076,87.46187609007346,-0.09484413356971531,-0.652099609375,-0.084716796875,-0.61376953125,0.025277376174926758,True,True
37,13.286119937896729,87.45706507034423,-0.0955336113538101,-0.658447265625,-0.112548828125,-0.650146484375,0.030142784118652344,True,True
38,13.317434310913086,87.44263179234026,-0.10236131453478868,-0.682861328125,-0.100341796875,-0.635009765625,0.03131437301635742,True,True
39,13.342341184616089,87.4350400848522,-0.10337806089895032,-0.676513671875,-0.121337890625,-0.578369140625,0.02490687370300293,True,True
40,13.376069784164429,87.4274482227183,-0.10209838117119158,-0.69873046875,-0.185791015625,-0.598388671875,0.033728599548339844,True,True
41,13.407352209091187,87.41504533482951,-0.1215706037464465,-0.69482421875,-0.198486328125,-0.56689453125,0.03128242492675781,True,True
42,13.432312965393066,87.39302087520967,-0.12886064497691194,-0.701904296875,-0.215087890625,-0.47216796875,0.024960756301879883,True,True
43,13.466105461120605,87.38264830398512,-0.13254825854075783,-0.70263671875,-0.260009765625,-0.460205078125,0.03379249572753906,True,True
44,13.493636846542358,87.36885502913414,-0.13591192220819243,-0.715576171875,-0.281982421875,-0.514892578125,0.02753138542175293,True,True
45,13.52721643447876,87.3584820092597,-0.13360403523780923,-0.739013671875,-0.331298828125,-0.481689453125,0.03357958793640137,True,True
46,13.565667867660522,87.35912153863113,-0.12713164077918498,-0.736328125,-0.351318359375,-0.39697265625,0.038451433181762695,True,True
47,13.590951442718506,87.3439375351844,-0.14957196665919506,-0.781005859375,-0.38818359375,-0.367919921875,0.0252835750579834,True,True
48,13.616088151931763,87.32533315562355,-0.1653434278721909,-0.796142578125,-0.412353515625,-0.407958984375,0.025136709213256836,True,True
49,13.646015644073486,87.29293599147651,-0.19339115314290964,-0.7958984375,-0.448486328125,-0.376708984375,0.029927492141723633,True,True
50,13.677457094192505,87.28117217560899,-0.19555435647068012,-0.798828125,-0.4677734375,-0.3173828125,0.031441450119018555,True,True
51,13.70241665840149,87.25497597503512,-0.20704307354251433,-0.78662109375,-0.489013671875,-0.265625,0.024959564208984375,True,True
52,13.736145257949829,87.24802265030486,-0.21343290284568583,-0.80078125,-0.53662109375,-0.34912109375,0.033728599548339844,True,True
53,13.767760992050171,87.23144858740824,-0.22591055550720623,-0.821533203125,-0.5361328125,-0.22607421875,0.0316157341003418,True,True
54,13.792675495147705,87.20525311068377,-0.24518442689760223,-0.739013671875,-0.537109375,-0.15576171875,0.02491450309753418,True,True
55,13.826051950454712,87.19209884498288,-0.25595315615566333,-0.788330078125,-0.678466796875,-0.27099609375,0.033376455307006836,True,True
56,13.857480525970459,87.18578483537489,-0.2603632190519815,-0.7763671875,-0.62353515625,-0.209716796875,0.03142857551574707,True,True
57,13.88245415687561,87.17744095924222,-0.2600038803860084,-0.72509765625,-0.61474609375,-0.11572265625,0.024973630905151367,True,True
58,13.91611361503601,87.14504379509518,-0.27428944175423503,-0.77880859375,-0.745849609375,-0.158935546875,0.03365945816040039,True,True
59,13.947610139846802,87.13670079412091,-0.29063158418038637,-0.695068359375,-0.70166015625,-0.06298828125,0.031496524810791016,True,True
60,13.972522735595703,87.11873566205524,-0.307289448959665,-0.708984375,-0.80078125,-0.087646484375,0.024912595748901367,True,True
61,14.006138324737549,87.10697258329702,-0.3140350092900033,-0.683837890625,-0.77197265625,-0.049072265625,0.0336155891418457,True,True
62,14.033641815185547,87.07874834928757,-0.32545941794152466,-0.583740234375,-0.7509765625,0.00927734375,0.027503490447998047,True,True
63,14.058478593826294,87.05875469802675,-0.3418236045656957,-0.61962890625,-0.864013671875,-0.075439453125,0.02483677864074707,True,True
64,14.083421230316162,87.03534071834468,-0.35948901845124165,-0.635986328125,-0.877685546875,-0.025146484375,0.024942636489868164,True,True
65,14.108372688293457,87.00711594376338,-0.3746541089919953,-0.59326171875,-0.800048828125,0.072509765625,0.024951457977294922,True,True
66,14.133365631103516,86.97750135261371,-0.3944771241259006,-0.588134765625,-0.83203125,0.03759765625,0.024992942810058594,True,True
67,14.15839695930481,86.94788718066503,-0.41087502752996835,-0.617431640625,-0.9404296875,-0.01318359375,0.025031328201293945,True,True
68,14.183533668518066,86.94029533658204,-0.4199709563688089,-0.606689453125,-0.8994140625,0.06787109375,0.025136709213256836,True,True
69,14.208482265472412,86.91966314562745,-0.4330489328944386,-0.611083984375,-0.871826171875,0.086181640625,0.024948596954345703,True,True
70,14.233473777770996,86.89143993031713,-0.4445920548361265,-0.620361328125,-0.90869140625,-0.038330078125,0.024991512298583984,True,True
71,14.258495569229126,86.86599770980223,-0.46636232635965885,-0.605712890625,-0.946533203125,0.11572265625,0.025021791458129883,True,True
72,14.283460140228271,86.84055589175699,-0.48194187574647,-0.555419921875,-0.891845703125,0.048828125,0.024964570999145508,True,True
73,14.308695793151855,86.81650383072949,-0.48311624831750977,-0.54443359375,-0.904052734375,-0.034423828125,0.025235652923583984,True,True
74,14.333787441253662,86.77726913805749,-0.5052490417610931,-0.53857421875,-0.8876953125,0.0693359375,0.02509164810180664,True,True
75,14.956130266189575,86.76445764917902,-0.5070236189171394,-0.31640625,-1.123779296875,0.16064453125,0.6223428249359131,True,True
76,14.984423875808716,86.75443163264298,-0.5183031880027092,-0.333740234375,-1.1005859375,0.214111328125,0.028293609619140625,True,True
77,15.009342432022095,86.73061738193199,-0.532432209557839,-0.320556640625,-1.0693359375,0.25537109375,0.024918556213378906,True,True
78,15.034565210342407,86.7005993474961,-0.5348701211653157,-0.33203125,-1.088134765625,0.21142578125,0.0252227783203125,True,True
79,15.059449672698975,86.68361652951228,-0.5432840347511694,-0.334716796875,-1.061279296875,0.199951171875,0.024884462356567383,True,True
80,15.084840536117554,86.6680241181064,-0.5539192395794549,-0.33056640625,-1.03271484375,0.2255859375,0.0253908634185791,True,True
81,15.109791994094849,86.65104306933708,-0.5606952224533852,-0.3134765625,-1.001953125,0.210205078125,0.024951457977294922,True,True
0,15.156809329986572,86.60862121397805,-0.5606952224533852,-0.314453125,-0.9990234375,0.203125,0.024951457977294922,True,True
1,15.188496828079224,86.58682930340156,-0.5663993032091563,-0.318603515625,-0.97412109375,0.234375,0.03168749809265137,True,True
2,15.23726511001587,86.57123689199568,-0.5637387793641649,-0.284423828125,-0.970458984375,0.21533203125,0.04876828193664551,True,True
3,15.26412582397461,86.54463152379631,-0.5765922371440516,-0.3115234375,-0.9453125,0.229736328125,0.026860713958740234,True,True
4,15.28916335105896,86.53106878563807,-0.5798452307379984,-0.309814453125,-0.940185546875,0.24560546875,0.025037527084350586,True,True
5,15.314176082611084,86.50510331751312,-0.5887882687352693,-0.2783203125,-0.97412109375,0.2373046875,0.025012731552124023,True,True
6,15.339629650115967,86.48192088784931,-0.5975943248082323,-0.2685546875,-0.963623046875,0.287353515625,0.025453567504882812,True,True
7,15.365193367004395,86.46216035299359,-0.6118636747169001,-0.277099609375,-0.914794921875,0.2783203125,0.025563716888427734,True,True
8,15.390052795410156,86.45201618523424,-0.619405354462148,-0.286376953125,-0.95849609375,0.254638671875,0.02485942840576172,True,True
9,15.415087461471558,86.43706115566772,-0.614625476124273,-0.268798828125,-1.031982421875,0.2548828125,0.025034666061401367,True,True
10,15.440007209777832,86.42691847637305,-0.621409038013968,-0.26806640625,-0.973388671875,0.26123046875,0.024919748306274414,True,True
11,15.4650137424469,86.39614540309628,-0.6477037721996457,-0.29296875,-0.961669921875,0.260986328125,0.025006532669067383,True,True
12,15.490013599395752,86.3860027376816,-0.6561659703592068,-0.252685546875,-0.962158203125,0.26806640625,0.02499985694885254,True,True
13,15.515166997909546,86.36281980688844,-0.6709257070422622,-0.28857421875,-0.999755859375,0.255615234375,0.025153398513793945,True,True
14,15.540163516998291,86.33204439500058,-0.6937305978945143,-0.297607421875,-1.008544921875,0.292724609375,0.024996519088745117,True,True
15,15.56549334526062,86.32329403155764,-0.6795378271568265,-0.298095703125,-1.060546875,0.25390625,0.0253298282623291,True,True
16,15.590378999710083,86.30214064104001,-0.6910447571658338,-0.302734375,-1.085693359375,0.23095703125,0.02488565444946289,True,True
17,15.615399360656738,86.29339027759707,-0.6891916615829122,-0.30712890625,-1.0986328125,0.267578125,0.025020360946655273,True,True
18,15.640279054641724,86.28944764720022,-0.6867527297813777,-0.3212890625,-1.052734375,0.280517578125,0.02487969398498535,True,True
19,15.66541075706482,86.28689563279738,-0.6846937103811899,-0.314453125,-1.028564453125,0.238525390625,0.025131702423095703,True,True
20,15.692190408706665,86.27814370802214,-0.683532568224522,-0.34765625,-1.034423828125,0.2763671875,0.026779651641845703,True,True
21,15.722272157669067,86.25838111718616,-0.6797758907888631,-0.354736328125,-1.011962890625,0.25341796875,0.030081748962402344,True,True
22,15.752302646636963,86.25443977166032,-0.6768474882223642,-0.330810546875,-1.01171875,0.21533203125,0.030030488967895508,True,True
23,15.781984090805054,86.25391805659899,-0.6687904099211917,-0.332275390625,-1.02587890625,0.288330078125,0.02968144416809082,True,True
24,15.810860633850098,86.24174596495652,-0.6706672979479091,-0.357177734375,-1.052490234375,0.27001953125,0.028876543045043945,True,True
25,15.840370178222656,86.23096638341964,-0.6770326894730242,-0.39306640625,-1.088134765625,0.277587890625,0.029509544372558594,True,True
26,15.869248867034912,86.23322507291822,-0.6657200038013396,-0.4384765625,-1.070068359375,0.348876953125,0.02887868881225586,True,True
27,15.898691415786743,86.20662398610096,-0.6684427273914952,-0.478759765625,-1.069580078125,0.326416015625,0.029442548751831055,True,True
28,15.928508996963501,86.20888400617191,-0.649137448518066,-0.446533203125,-1.059326171875,0.361328125,0.029817581176757812,True,True
29,15.957363605499268,86.19873983841258,-0.6487609739647909,-0.4970703125,-1.087158203125,0.387451171875,0.0288546085357666,True,True
30,15.987061023712158,86.18379300982284,-0.6396569470033728,-0.51123046875,-1.115966796875,0.302001953125,0.029697418212890625,True,True
31,16.0169997215271,86.19428134868907,-0.6303822417856295,-0.5517578125,-1.068359375,0.282958984375,0.029938697814941406,True,True
32,16.046859979629517,86.19034128795292,-0.6238441643197185,-0.544921875,-1.042724609375,0.277587890625,0.029860258102416992,True,True
33,16.075812578201294,86.18779191334086,-0.6077881412902096,-0.52490234375,-1.038330078125,0.2626953125,0.028952598571777344,True,True
34,16.105563402175903,86.19346972736992,-0.598038745916058,-0.572509765625,-1.032958984375,0.25244140625,0.029750823974609375,True,True
35,16.135512828826904,86.2149679364351,-0.5827267904356096,-0.59912109375,-1.009521484375,0.20458984375,0.029949426651000977,True,True
36,16.1654794216156,86.22545532132766,-0.5713255127242509,-0.66845703125,-1.015380859375,0.2822265625,0.02996659278869629,True,True
37,16.195415019989014,86.21670792506018,-0.5601539972921359,-0.619873046875,-0.893798828125,0.33056640625,0.029935598373413086,True,True
38,16.225208520889282,86.23200595005521,-0.5471814152407076,-0.67333984375,-0.8291015625,0.233154296875,0.029793500900268555,True,True
39,16.254431009292603,86.24110428622308,-0.5299735230034657,-0.61962890625,-0.58837890625,0.211181640625,0.029222488403320312,True,True
40,16.283729791641235,86.25159289215863,-0.5181749054745916,-0.726318359375,-0.565185546875,0.205322265625,0.029298782348632812,True,True
41,16.31351923942566,86.254490352894,-0.49945040217146924,-0.83544921875,-0.587158203125,0.191650390625,0.029789447784423828,True,True
42,16.343360900878906,86.27118020954798,-0.4767123655059498,-0.796630859375,-0.5146484375,0.220947265625,0.02984166145324707,True,True
43,16.37325143814087,86.2704272893944,-0.4614869679308786,-0.822021484375,-0.484619140625,0.179443359375,0.02989053726196289,True,True
44,16.402167797088623,86.2668923021382,-0.44467132310788576,-0.865478515625,-0.3798828125,0.0341796875,0.028916358947753906,True,True
45,16.430514574050903,86.28056384577535,-0.4168844170609062,-0.920166015625,-0.505126953125,-0.0009765625,0.028346776962280273,True,True
46,16.458896160125732,86.28259091846918,-0.3959759765713613,-0.89404296875,-0.369140625,-0.065673828125,0.0283815860748291,True,True
47,16.48865270614624,86.28600934860768,-0.38902760770690187,-0.905029296875,-0.260009765625,-0.298583984375,0.029756546020507812,True,True
48,16.5185604095459,86.29359924260771,-0.3710148535043164,-0.964599609375,-0.23779296875,-0.3330078125,0.029907703399658203,True,True
49,16.547154664993286,86.31080729064395,-0.3421629718206246,-0.97998046875,-0.261962890625,0.047607421875,0.028594255447387695,True,True
50,16.57667636871338,86.33560446494378,-0.31121685985433234,-0.935546875,-0.074462890625,-0.304931640625,0.029521703720092773,True,True
51,16.60657501220703,86.35217459798783,-0.2849947403749761,-0.944580078125,-0.090576171875,-0.2373046875,0.029898643493652344,True,True
52,16.636447429656982,86.36596381659528,-0.26141637154034153,-0.878662109375,-0.030029296875,-0.04931640625,0.029872417449951172,True,True
53,16.666296005249023,86.38050595217801,-0.22723549763168369,-0.818603515625,0.05908203125,-0.028564453125,0.029848575592041016,True,True
54,16.696455717086792,86.38062262882313,-0.22682792215246156,-0.799072265625,0.117919921875,-0.0390625,0.030159711837768555,True,True
55,16.726134300231934,86.40275392117783,-0.20849366704688715,-0.72265625,0.130126953125,0.060546875,0.0296785831451416,True,True
56,16.75629472732544,86.41526839277921,-0.18565010716824967,-0.6669921875,0.123046875,0.11474609375,0.03016042709350586,True,True
57,16.786482334136963,86.43676297268647,-0.15394761802138696,-0.617431640625,0.12939453125,0.102783203125,0.030187606811523438,True,True
58,16.81634783744812,86.44041317057514,-0.14053615216799017,-0.576904296875,0.24755859375,0.12255859375,0.029865503311157227,True,True
59,16.846132516860962,86.45026157023773,-0.12479034278044834,-0.553466796875,0.49951171875,-0.04638671875,0.029784679412841797,True,True
60,16.87623405456543,86.46289179023654,-0.10645449960893245,-0.53271484375,0.38916015625,-0.055419921875,0.030101537704467773,True,True
61,16.906813383102417,86.48172323304743,-0.08472890235745906,-0.65625,0.556884765625,-0.045166015625,0.030579328536987305,True,True
62,16.936700105667114,86.49029999219178,-0.07461723565664696,-0.617431640625,0.477294921875,-0.174560546875,0.029886722564697266,True,True
63,16.966670751571655,86.50026911298364,-0.052565182265397296,-0.6826171875,0.3779296875,0.2744140625,0.029970645904541016,True,True
64,16.99950933456421,86.5144095124661,-0.036360188732002134,-0.69189453125,0.361328125,0.31982421875,0.03283858299255371,True,True
65,17.029314517974854,86.52715911226692,-0.011929279078046003,-0.680908203125,0.423583984375,0.079345703125,0.02980518341064453,True,True
66,17.05910325050354,86.54129951174937,0.011161768104359487,-0.715087890625,0.496337890625,-0.122314453125,0.029788732528686523,True,True
67,17.088923931121826,86.53962944632211,0.02311156580424443,-0.8291015625,0.434814453125,-0.12890625,0.029820680618286133,True,True
68,17.118656396865845,86.54073437575866,0.030531958655848828,-0.955078125,0.463623046875,0.178955078125,0.029732465744018555,True,True
69,17.148290157318115,86.54589163344806,0.043388725726744744,-0.8505859375,0.63232421875,0.15673828125,0.029633760452270508,True,True
70,17.17825746536255,86.551805857263,0.05346155192972137,-0.91552734375,0.57275390625,-0.0498046875,0.029967308044433594,True,True
71,17.208022117614746,86.56936231555247,0.08380228382013785,-1.060546875,0.34326171875,0.07373046875,0.029764652252197266,True,True
72,17.23701286315918,86.57730226657448,0.09512874636349442,-1.00732421875,0.350341796875,0.257080078125,0.028990745544433594,True,True
73,17.26658821105957,86.59004900317235,0.11767297819175616,-1.055908203125,0.37109375,0.042236328125,0.029575347900390625,True,True
74,17.29641580581665,86.59520855091976,0.14107576001825498,-0.984619140625,0.303955078125,0.216064453125,0.029827594757080078,True,True
75,17.326318502426147,86.59695373158556,0.14780607439891777,-1.031494140625,0.182861328125,0.3916015625,0.02990269660949707,True,True
76,17.356321811676025,86.58908101659536,0.15759988420120308,-1.092529296875,0.205810546875,0.42138671875,0.03000330924987793,True,True
77,17.38637351989746,86.6032225390035,0.1712715958975912,-0.946044921875,0.154052734375,0.170654296875,0.030051708221435547,True,True
78,17.41647481918335,86.6111624900255,0.17830896528608145,-1.08642578125,0.086669921875,0.272705078125,0.030101299285888672,True,True
79,17.446346521377563,86.62049007708661,0.185205641621955,-1.142578125,0.059814453125,0.3759765625,0.029871702194213867,True,True
80,17.476465225219727,86.63805227993342,0.20037084248133208,-1.103271484375,0.13134765625,0.40380859375,0.030118703842163086,True,True
81,17.507012605667114,86.64396275225339,0.21454497970255568,-1.15478515625,0.072998046875,0.25927734375,0.030547380447387695,True,True
82,17.53687024116516,86.64368229169867,0.21657583869463373,-1.201171875,0.000244140625,0.33642578125,0.029857635498046875,True,True
83,17.566709756851196,86.65504004710667,0.2232125912480874,-1.164794921875,0.032470703125,0.388916015625,0.029839515686035156,True,True
84,17.596445560455322,86.66095001036535,0.23355043861307703,-1.134521484375,-0.00537109375,0.319580078125,0.029735803604125977,True,True
85,17.62640380859375,86.65788053890334,0.23793098941967752,-1.185791015625,-0.125244140625,0.339599609375,0.029958248138427734,True,True
86,17.65634536743164,86.64178230702814,0.22766652069834717,-1.244140625,0.005615234375,-0.100830078125,0.029941558837890625,True,True
87,17.686413049697876,86.66275745470007,0.25435133839182816,-1.02197265625,0.0146484375,0.21728515625,0.03006768226623535,True,True
88,17.716407537460327,86.65969064971432,0.2513839966850659,-1.015869140625,-0.095947265625,0.220947265625,0.029994487762451172,True,True
89,17.746126174926758,86.66421371343279,0.25977995738522275,-1.0078125,-0.165283203125,0.056884765625,0.029718637466430664,True,True
90,17.77628993988037,86.6639296442065,0.2680113975220959,-1.066650390625,-0.222900390625,0.03125,0.03016376495361328,True,True
91,17.806106328964233,86.66225611879149,0.2612371498774933,-0.97900390625,-0.143310546875,0.185302734375,0.029816389083862305,True,True
92,17.836179733276367,86.66197244787166,0.263279106073612,-1.0205078125,-0.1455078125,0.1533203125,0.03007340431213379,True,True
93,17.866167306900024,86.64448676633998,0.2550283697083987,-0.999755859375,-0.17236328125,0.0595703125,0.029987573623657227,True,True
94,17.896121978759766,86.64484126088169,0.2520448490377813,-1.070556640625,-0.27685546875,0.3525390625,0.02995467185974121,True,True
95,17.92620539665222,86.64797371139339,0.24181665631876095,-0.846923828125,0.001220703125,-0.3193359375,0.030083417892456055,True,True
96,17.955229997634888,86.66691972492916,0.24686312062640467,-0.83251953125,-0.245849609375,0.2158203125,0.029024600982666016,True,True
97,17.98459267616272,86.64804357881985,0.24101887568654742,-1.08984375,-0.125732421875,0.252197265625,0.02936267852783203,True,True
98,18.01336431503296,86.64016961559355,0.22789988355855612,-1.135986328125,-0.1474609375,0.2763671875,0.028771638870239258,True,True
99,18.043025732040405,86.63570942993145,0.2202045999505945,-1.000732421875,-0.11767578125,0.257568359375,0.02966141700744629,True,True
100,18.072954416275024,86.63188740330355,0.2121097292546283,-0.97802734375,-0.11962890625,0.1220703125,0.02992868423461914,True,True
101,18.102617979049683,86.61567176480122,0.2013777889618769,-1.1083984375,-0.08447265625,0.07568359375,0.029663562774658203,True,True
102,18.1313054561615,86.60501456336037,0.18586489617651353,-1.0576171875,-0.07958984375,0.284912109375,0.028687477111816406,True,True
0,18.188701629638672,86.6025820798635,0.18586489617651353,-0.89208984375,-0.022705078125,0.17919921875,0.028687477111816406,True,True
1,18.217924118041992,86.59535059653138,0.18216033439221072,-1.076904296875,-0.041259765625,0.18017578125,0.029222488403320312,True,True
2,18.2535457611084,86.57432624646363,0.17436093253152476,-1.07177734375,-0.0537109375,0.266357421875,0.03562164306640625,True,True
3,18.292230129241943,86.56431137804219,0.16200788370661856,-0.9619140625,-0.04541015625,0.08837890625,0.03868436813354492,True,True
4,18.318318605422974,86.55493175914276,0.15482533001654636,-0.991943359375,-0.036865234375,0.14111328125,0.026088476181030273,True,True
5,18.343331336975098,86.55516630071881,0.15306694585881456,-0.936279296875,-0.02294921875,0.161865234375,0.025012731552124023,True,True
6,18.3684139251709,86.54161605802777,0.13983357444274822,-1.0166015625,0.006591796875,0.02099609375,0.02508258819580078,True,True
7,18.393468618392944,86.52326168240229,0.11759402055278449,-1.0791015625,0.025390625,-0.085693359375,0.0250546932220459,True,True
8,18.41856336593628,86.51591100547161,0.09871266801065713,-0.893798828125,-0.061767578125,-0.082275390625,0.02509474754333496,True,True
9,18.443495988845825,86.49882969743345,0.07805751942782893,-1.0263671875,-0.01513671875,0.13818359375,0.0249326229095459,True,True
10,18.468794345855713,86.4837747338529,0.06044584941164535,-1.00390625,-0.027099609375,-0.025634765625,0.025298357009887695,True,True
11,18.49384117126465,86.46252377351401,0.03818507901044117,-0.978271484375,-0.0068359375,-0.094970703125,0.025046825408935547,True,True
12,18.518832683563232,86.44746916598424,0.028080788293125897,-0.983642578125,-0.00390625,-0.207275390625,0.024991512298583984,True,True
13,18.543814420700073,86.44063652331104,0.01109404506527749,-0.923583984375,0.01123046875,-0.259521484375,0.02498173713684082,True,True
14,18.568783044815063,86.45100401356787,0.011098887427378709,-0.982666015625,-0.028076171875,-0.17236328125,0.024968624114990234,True,True
15,18.593679666519165,86.44139134674481,-0.007203387818746067,-1.003173828125,-0.017822265625,-0.13134765625,0.024896621704101562,True,True
16,18.6186044216156,86.4311419932415,-0.016093938013992858,-0.967529296875,-0.00830078125,-0.18115234375,0.024924755096435547,True,True
17,18.643489122390747,86.42291965211018,-0.027111783415598934,-0.9697265625,-0.003173828125,-0.166015625,0.024884700775146484,True,True
18,18.668468475341797,86.4064738933817,-0.045077804932293984,-0.9599609375,-0.00439453125,-0.178466796875,0.024979352951049805,True,True
19,18.693438291549683,86.39964132079045,-0.05990207017648115,-0.960205078125,-0.002197265625,-0.183837890625,0.024969816207885742,True,True
20,18.718343019485474,86.38522141918355,-0.07433503920616405,-0.96484375,-0.005859375,-0.177978515625,0.024904727935791016,True,True
21,18.743292570114136,86.37977899708144,-0.08351448209868456,-0.963623046875,-0.005615234375,-0.202392578125,0.02494955062866211,True,True
22,18.76826310157776,86.37636303016916,-0.09297120118808504,-0.958984375,-0.009033203125,-0.199462890625,0.024970531463623047,True,True
23,18.793248891830444,86.37433739177882,-0.10145180335559704,-0.962158203125,-0.006103515625,-0.187744140625,0.024985790252685547,True,True
24,18.818180322647095,86.35372215549106,-0.12314458527395343,-0.964111328125,-0.0068359375,-0.189208984375,0.02493143081665039,True,True
25,18.843039989471436,86.33930270898729,-0.13187842162133798,-0.960205078125,-0.005126953125,-0.193359375,0.02485966682434082,True,True
26,18.867952585220337,86.32349273545793,-0.14307475596720162,-0.970703125,-0.010009765625,-0.19482421875,0.024912595748901367,True,True
27,18.894851446151733,86.32488302611227,-0.14511387810174642,-0.964111328125,-0.00244140625,-0.19091796875,0.026898860931396484,True,True
28,18.924741983413696,86.3172962890939,-0.15263343161540888,-0.961181640625,-0.0009765625,-0.186279296875,0.02989053726196289,True,True
29,18.95457124710083,86.32551863022522,-0.1578700273679248,-0.9658203125,-0.00732421875,-0.1904296875,0.02982926368713379,True,True
30,18.9844810962677,86.31248972813837,-0.16969477000314875,-0.963134765625,-0.009521484375,-0.18017578125,0.029909849166870117,True,True
31,19.014352321624756,86.30629328177865,-0.18033527968484397,-0.960693359375,-0.00732421875,-0.17822265625,0.029871225357055664,True,True
32,19.044137954711914,86.29668031156669,-0.18859723796303784,-0.96435546875,-0.01025390625,-0.186279296875,0.029785633087158203,True,True
33,19.073758602142334,86.30085117503458,-0.18722311553870616,-0.979248046875,-0.009521484375,-0.198974609375,0.029620647430419922,True,True
34,19.10346817970276,86.29123820482263,-0.18824261220438734,-0.9619140625,-0.007568359375,-0.187744140625,0.029709577560424805,True,True
35,19.133357763290405,86.29123820482263,-0.19608549549071996,-0.967041015625,-0.00927734375,-0.188720703125,0.029889583587646484,True,True
36,19.163163423538208,86.28162568381427,-0.20585684422468806,-0.96484375,-0.004638671875,-0.190185546875,0.029805660247802734,True,True
37,19.19308090209961,86.28162568381427,-0.21106109349515353,-0.96826171875,-0.009033203125,-0.187255859375,0.029917478561401367,True,True
38,19.222747325897217,86.2761844025423,-0.22383634405035255,-0.96337890625,-0.004638671875,-0.194091796875,0.029666423797607422,True,True
39,19.252361059188843,86.2741587528242,-0.22820114042277156,-0.964599609375,-0.011474609375,-0.194091796875,0.029613733291625977,True,True
40,19.282140493392944,86.27352405879076,-0.2283998055157353,-0.965087890625,-0.005859375,-0.194091796875,0.029779434204101562,True,True
41,19.311943292617798,86.27630460223055,-0.23318863792826772,-0.96728515625,-0.005126953125,-0.1728515625,0.029802799224853516,True,True
42,19.341787815093994,86.27705889832554,-0.23607988591878012,-0.967529296875,-0.009033203125,-0.19482421875,0.02984452247619629,True,True
43,19.371617317199707,86.27705889832554,-0.23437224742590748,-0.963134765625,-0.00341796875,-0.202880859375,0.02982950210571289,True,True
44,19.40134286880493,86.29084164710626,-0.21768355052047117,-0.962158203125,-0.005859375,-0.17626953125,0.02972555160522461,True,True
45,19.43116044998169,86.28603560825923,-0.23199653609790807,-0.963623046875,-0.009033203125,-0.18994140625,0.029817581176757812,True,True
46,19.45998191833496,86.2805933150053,-0.23343957173941593,-0.963134765625,-0.00732421875,-0.18603515625,0.028821468353271484,True,True
47,19.489452600479126,86.27173516277722,-0.24098575951977522,-0.960693359375,-0.006591796875,-0.19189453125,0.02947068214416504,True,True
48,19.519092082977295,86.26907445714687,-0.24232494949409114,-0.96435546875,-0.00830078125,-0.20068359375,0.029639482498168945,True,True
49,19.547887563705444,86.2622425439896,-0.24534376173522432,-0.964599609375,-0.001953125,-0.1884765625,0.028795480728149414,True,True
50,19.577253103256226,86.25402015041287,-0.24985324223287755,-0.9658203125,-0.001708984375,-0.190673828125,0.02936553955078125,True,True
51,19.60706067085266,86.26982833323004,-0.23129592835439922,-0.95947265625,-0.010009765625,-0.197021484375,0.029807567596435547,True,True
52,19.638254404067993,86.27399875075653,-0.22926493308294663,-0.9677734375,-0.006103515625,-0.186279296875,0.03119373321533203,True,True
53,19.668288707733154,86.26780265150066,-0.23443870362030994,-0.966064453125,-0.0068359375,-0.188232421875,0.030034303665161133,True,True
54,19.698540449142456,86.25958101046767,-0.24984755715892237,-0.9638671875,-0.0107421875,-0.189208984375,0.030251741409301758,True,True
55,19.728716135025024,86.2575550604175,-0.2402521677084276,-0.964599609375,-0.00390625,-0.18603515625,0.03017568588256836,True,True
56,19.75857663154602,86.25830979982726,-0.2352697257756957,-0.965087890625,-0.01025390625,-0.184326171875,0.029860496520996094,True,True
57,19.787359952926636,86.26109033193076,-0.2311535233866165,-0.9609375,-0.001708984375,-0.193603515625,0.028783321380615234,True,True
58,19.816908597946167,86.26450615869517,-0.22709844704122675,-0.965576171875,-0.00927734375,-0.1962890625,0.02954864501953125,True,True
59,19.84677743911743,86.26665218327628,-0.21679011336542026,-0.963623046875,-0.00927734375,-0.19189453125,0.02986884117126465,True,True
60,19.87671995162964,86.27018864432135,-0.2086300880819258,-0.96728515625,-0.0087890625,-0.18896484375,0.02994251251220703,True,True
61,19.906535387039185,86.27916568071507,-0.19948759084881681,-0.962158203125,-0.007568359375,-0.186767578125,0.0298154354095459,True,True
62,19.936326026916504,86.28131158884766,-0.18845016125040498,-0.964599609375,-0.006591796875,-0.201171875,0.029790639877319336,True,True
63,19.96615242958069,86.26562495346343,-0.1929009027096282,-0.96533203125,-0.006103515625,-0.1884765625,0.02982640266418457,True,True
64,19.99620819091797,86.26018373659298,-0.18992600746970253,-0.96630859375,-0.0078125,-0.1875,0.030055761337280273,True,True
65,20.02627468109131,86.26991522116124,-0.18468786449035005,-0.964111328125,-0.001708984375,-0.202392578125,0.030066490173339844,True,True
66,20.05642008781433,86.27964619538106,-0.1703040930874643,-0.962646484375,-0.005615234375,-0.189453125,0.03014540672302246,True,True
67,20.086750745773315,86.28659725579068,-0.1542749529852478,-0.9638671875,-0.0078125,-0.187744140625,0.030330657958984375,True,True
68,20.116618394851685,86.29974446201788,-0.14205663450494577,-0.963623046875,-0.009521484375,-0.185791015625,0.02986764907836914,True,True
69,20.14639401435852,86.29847384068063,-0.13134954271484586,-0.96240234375,-0.005859375,-0.193603515625,0.029775619506835938,True,True
70,20.17635941505432,86.29656852528849,-0.12249099855106974,-0.96337890625,-0.00537109375,-0.200927734375,0.02996540069580078,True,True
71,20.20631718635559,86.28846769989308,-0.11285698008041886,-0.96240234375,-0.0068359375,-0.192626953125,0.02995777130126953,True,True
72,20.236169576644897,86.2920034175359,-0.10084316616318414,-0.983154296875,-0.0068359375,-0.188720703125,0.02985239028930664,True,True
73,20.266093015670776,86.30312496269755,-0.09009029642721345,-0.954833984375,-0.0107421875,-0.188232421875,0.029923439025878906,True,True
74,20.29604959487915,86.32044355467626,-0.08737525601939704,-0.95947265625,-0.00634765625,-0.192626953125,0.029956579208374023,True,True
75,20.326011180877686,86.32814994075068,-0.0766533869521315,-0.966796875,-0.00927734375,-0.19091796875,0.029961585998535156,True,True
76,20.356188774108887,86.34546701929277,-0.06023587431712156,-0.967041015625,-0.002197265625,-0.190673828125,0.030177593231201172,True,True
77,20.386247158050537,86.34697678424014,-0.053891786499443324,-0.965576171875,-0.00390625,-0.202880859375,0.03005838394165039,True,True
78,20.41513204574585,86.33609431825973,-0.04919810047296514,-0.96044921875,-0.009033203125,-0.190673828125,0.0288848876953125,True,True
79,20.444664478302002,86.33899321931774,-0.043001547308656136,-0.96142578125,-0.00927734375,-0.193603515625,0.029532432556152344,True,True
80,20.474403142929077,86.34872443878766,-0.027897762832075613,-0.96533203125,-0.010986328125,-0.19921875,0.029738664627075195,True,True
81,20.50431251525879,86.33442712368073,-0.03222916543267957,-0.959228515625,-0.003173828125,-0.1884765625,0.029909372329711914,True,True
82,20.53422713279724,86.32974131123203,-0.03255982591742508,-0.96435546875,-0.0068359375,-0.199951171875,0.02991461753845215,True,True
83,20.56414270401001,86.32569089288206,-0.03346521542155018,-0.961181640625,-0.0029296875,-0.189453125,0.029915571212768555,True,True
84,20.593852281570435,86.3320061804771,-0.01614113572657826,-0.962646484375,-0.00390625,-0.197021484375,0.029709577560424805,True,True
85,20.624199628829956,86.32112371449668,-0.012450521799620855,-0.962646484375,-0.005615234375,-0.195068359375,0.030347347259521484,True,True
86,20.653899431228638,86.32743950694393,0.0016706787281000359,-0.9599609375,-0.005615234375,-0.190673828125,0.02969980239868164,True,True
87,20.683856964111328,86.324778627143,-0.0006711143193945791,-0.96533203125,-0.003662109375,-0.1943359375,0.02995753288269043,True,True
88,20.713895559310913,86.3173140153067,-0.0005825033980749429,-0.965576171875,-0.00634765625,-0.18603515625,0.03003859519958496,True,True
89,20.74398708343506,86.31667882877103,-0.005528424870189003,-0.966796875,-0.004150390625,-0.19091796875,0.030091524124145508,True,True
90,20.773701667785645,86.32565511910927,0.006766398490491936,-0.963623046875,-0.008544921875,-0.189697265625,0.029714584350585938,True,True
91,20.80366611480713,86.33399584054364,0.014862941236037723,-0.963623046875,-0.00390625,-0.19580078125,0.029964447021484375,True,True
92,20.83351969718933,86.32855472026253,0.017204245835022183,-0.96142578125,-0.004638671875,-0.188720703125,0.02985358238220215,True,True
93,20.863413333892822,86.30730520389042,0.003010132926931064,-0.963134765625,-0.00732421875,-0.17236328125,0.02989363670349121,True,True
94,20.89330005645752,86.30186405141448,0.005368557918161773,-0.9619140625,-0.00341796875,-0.181884765625,0.029886722564697266,True,True
95,20.92237639427185,86.30198413864932,0.005437392374779786,-0.965576171875,-0.0107421875,-0.200927734375,0.029076337814331055,True,True
96,20.95072102546692,86.3013485817268,0.010438793740020427,-0.96240234375,-0.010986328125,-0.193115234375,0.02834463119506836,True,True
97,20.9801766872406,86.30968905890194,0.015158020691600415,-0.963623046875,-0.0068359375,-0.193603515625,0.02945566177368164,True,True
98,21.009997129440308,86.315249820134,0.021322858774176612,-0.974609375,-0.01513671875,-0.194091796875,0.02982044219970703,True,True
99,21.03877878189087,86.3063941767547,0.01733483782949088,-0.961669921875,-0.005615234375,-0.197021484375,0.028781652450561523,True,True
100,21.068344354629517,86.29956285290672,0.013839112167800949,-0.964599609375,-0.00537109375,-0.190673828125,0.02956557273864746,True,True
101,21.098278999328613,86.29070571630889,0.007352769959026054,-0.965576171875,-0.00634765625,-0.196044921875,0.02993464469909668,True,True
102,21.12827444076538,86.29146014139488,0.007350722223815731,-0.9677734375,-0.008056640625,-0.1923828125,0.029995441436767578,True,True
103,21.158246994018555,86.29841118761422,0.011215950832929976,-0.9658203125,-0.00732421875,-0.1953125,0.029972553253173828,True,True
