,altitude,time,z_velocity
0,1.0619219116832865,0.0012238025665283203,0.0
1,2.1325285752100465,0.02183055877685547,1.07060666352676
2,3.1754905594054046,0.042252540588378906,1.0429619841953581
3,4.222748622494565,0.0626223087310791,1.0472580630891608
4,5.298921764899592,0.08294510841369629,1.0761731424050263
5,6.3449679800462935,0.10335683822631836,1.0460462151467018
6,7.4188175972341766,0.12373757362365723,1.073849617187883
7,8.468328951865526,0.14414548873901367,1.04951135463135
8,9.5339374031162,0.16452407836914062,1.0656084512506734
9,10.587041942314986,0.18491792678833008,1.0531045391987863
10,11.641260641137885,0.20536470413208008,1.0542186988228988
11,12.684629907251793,0.2257404327392578,1.043369266113908
12,13.762521466080624,0.24612641334533691,1.0778915588288314
13,14.822850089791284,0.26648902893066406,1.0603286237106602
14,15.873280591459809,0.28688883781433105,1.050430501668524
15,16.917474085684184,0.307445764541626,1.0441934942243751
16,17.991580833134616,0.3280205726623535,1.0741067474504327
17,19.025369052659407,0.34847426414489746,1.0337882195247907
18,20.091396730957353,0.3688621520996094,1.0660276782979459
19,21.147205579928052,0.38924384117126465,1.055808848970699
20,21.142080384732783,0.40962862968444824,-0.0051251951952693275
21,21.108856572713016,0.43001246452331543,-0.03322381201976654
22,21.121035626242634,0.4504110813140869,0.01217905352961779
23,21.11281608698289,0.4707958698272705,-0.008219539259744835
24,21.069093466799536,0.49116969108581543,-0.04372262018335249
25,21.091016135341626,0.5114874839782715,0.02192266854208924
26,21.049617040375413,0.5318844318389893,-0.04139909496621286
27,21.040991450846388,0.5523591041564941,-0.008625589529025035
28,21.044213302225636,0.572767972946167,0.0032218513792479087
29,21.018499307702623,0.5931456089019775,-0.02571399452301293
0,20.99246743807992,0.6404392719268799,-0.02571399452301293
1,20.993387776666673,0.6609599590301514,0.0009203385867522229
2,20.980062038885002,0.6813478469848633,-0.013325737781670455
3,20.962239947990096,0.7021505832672119,-0.017822090894906495
4,20.967938504837484,0.7245783805847168,0.005698556847388403
5,20.978090992619965,0.7475941181182861,0.01015248778248079
6,20.968550066216697,0.769636869430542,-0.009540926403268202
7,20.96380814085508,0.7916545867919922,-0.00474192536161766
8,20.95292150028211,0.8135833740234375,-0.010886640572969952
9,20.948182500625645,0.835719108581543,-0.00473899965646396
10,20.953434708819135,0.8577558994293213,0.005252208193489594
11,20.984882159942064,0.8797817230224609,0.03144745112292924
12,21.00528578390726,0.9017934799194336,0.02040362396519768
13,21.036733327224276,0.9237172603607178,0.03144754331701449
14,21.084953874091823,0.9458420276641846,0.0482205468675474
15,21.096127662477297,0.9678478240966797,0.01117378838547367
16,21.128242961302792,0.9898586273193359,0.03211529882549513
17,21.135242911088362,1.0118052959442139,0.006999949785569726
18,21.135242911088362,1.0337250232696533,0.0
19,21.170762425090263,1.0558648109436035,0.03551951400190134
20,21.18772547978752,1.0778756141662598,0.016963054697257007
21,21.192977337295293,1.0998923778533936,0.005251857507772684
22,21.19243763546327,1.121880292892456,-0.0005397018320216773
23,21.19781681753542,1.1438360214233398,0.0053791820721471595
24,21.224014596919265,1.165947675704956,0.026197779383846154
25,21.250339684001624,1.187943458557129,0.026325087082359033
26,21.264916535028725,1.2100393772125244,0.014576851027101156
27,21.301516396682707,1.2320630550384521,0.03659986165398266
28,21.30775702656635,1.2539937496185303,0.006240629883642157
29,21.322333333069263,1.2761197090148926,0.014576306502913638
0,21.34362168735054,1.3353400230407715,0.014576306502913638
1,21.331588101208634,1.3575377464294434,-0.012033586141907193
2,21.313828217742877,1.3795576095581055,-0.017759883465757298
3,21.28422791569877,1.401564359664917,-0.029600302044105575
4,21.23766307995196,1.4235560894012451,-0.04656483574681047
5,21.235720801309235,1.445664882659912,-0.001942278642726336
6,21.22980064805784,1.4676845073699951,-0.005920153251395277
7,21.243963857851448,1.489659309387207,0.014163209793608189
8,21.231262613737435,1.5115931034088135,-0.012701244114012411
9,21.23399871087691,1.5335988998413086,0.002736097139475646
10,21.252874946194602,1.5579657554626465,0.018876235317691226
11,21.274899972477847,1.5800013542175293,0.022025026283245097
12,21.29001652533697,1.601931095123291,0.015116552859122834
13,21.293200659763308,1.623924970626831,0.0031841344263376925
14,21.270599737857605,1.646028757095337,-0.02260092190570262
15,21.227630296946735,1.6681945323944092,-0.04296944091086985
16,21.220054113364146,1.6902031898498535,-0.00757618358258938
17,21.212513640379846,1.712233066558838,-0.0075404729842993845
18,21.213502293837216,1.734217882156372,0.0009886534573695371
19,21.219422626511744,1.756251573562622,0.005920332674527629
20,21.20603199599993,1.7784254550933838,-0.01339063051181455
21,21.19712099439981,1.8004541397094727,-0.008911001600118595
22,21.17376108196245,1.8317618370056152,-0.023359912437360464
23,21.158737482357104,1.8538055419921875,-0.01502359960534605
24,21.19346155164462,1.875899314880371,0.03472406928751681
25,21.207244964206918,1.8979082107543945,0.013783412562297315
26,21.218545944862115,1.919933795928955,0.011300980655196469
27,21.2188673412466,1.94191575050354,0.00032139638448569485
28,21.23430477122237,1.9639644622802734,0.015437429975769135
29,21.207888626726117,1.9860281944274902,-0.026416144496252514
0,21.216762566956902,2.04530668258667,-0.026416144496252514
1,21.20625669725996,2.0675454139709473,-0.010505869696942227
2,21.195082908874486,2.089468002319336,-0.01117378838547367
3,21.219557721250425,2.1114349365234375,0.024474812375938626
4,21.22601760781196,2.133429765701294,0.006459886561536621
5,21.23082251244937,2.1555304527282715,0.0048049046374103455
6,21.22216608263537,2.1775503158569336,-0.008656429814003275
7,21.22862622084968,2.199526071548462,0.006460138214311684
8,21.22598181577774,2.2214407920837402,-0.0026444050719405254
9,21.204944872733137,2.243426561355591,-0.021036943044602907
10,21.201633277734075,2.2653753757476807,-0.00331159499906164
11,21.225314051337854,2.287381172180176,0.02368077360377896
12,21.237154274169473,2.309346914291382,0.01184022283161923
13,21.281238757123457,2.3312816619873047,0.04408448295398415
14,21.27643457370868,2.3533074855804443,-0.00480418341477673
15,21.261318038257702,2.375291109085083,-0.015116535450978574
16,21.23171632058844,2.397286891937256,-0.02960171766926223
17,21.2215313388245,2.4193716049194336,-0.010184981763938339
18,21.1962299389515,2.4412853717803955,-0.025301399873001174
19,21.209185266932657,2.4633092880249023,0.012955327981156728
20,21.201264471828715,2.485311985015869,-0.007920795103942169
21,21.19433064538349,2.507290840148926,-0.0069338264452234455
22,21.16078662748176,2.5292716026306152,-0.03354401790173256
23,21.13838027739799,2.551316261291504,-0.02240635008377012
24,21.129632924295308,2.573362112045288,-0.008747353102680933
25,21.149496712545545,2.5953638553619385,0.01986378825023749
26,21.14895697493386,2.6174216270446777,-0.0005397376116853536
27,21.135908976840252,2.6394143104553223,-0.013047998093608015
28,21.135241802393633,2.6613521575927734,-0.0006671744466189011
29,21.1174813353199,2.683367967605591,-0.01776046707373169
0,21.0911912126497,2.742452383041382,-0.01776046707373169
1,21.096031130254637,2.76452898979187,0.004839917604936517
2,21.10675594920926,2.78659987449646,0.010724818954621185
3,21.071234166545352,2.80884051322937,-0.035521782663906265
4,21.050829546103987,2.8308143615722656,-0.02040462044136504
5,21.012663903739472,2.852830171585083,-0.038165642364514696
6,21.00674383874483,2.874743938446045,-0.0059200649946440365
7,21.003432256627782,2.8967387676239014,-0.0033115821170461857
8,20.99585630923,2.91878342628479,-0.0075759473977825564
9,20.99420051537502,2.9408061504364014,-0.0016557938549794926
10,20.954414579725906,2.962801933288574,-0.039785935649113924
11,20.943241298172712,2.9847018718719482,-0.011173281553194414
12,20.95769018957066,3.006730556488037,0.01444889139794725
13,20.949161174875545,3.0288074016571045,-0.008529014695113801
14,20.957368881239784,3.050791025161743,0.008207706364238732
15,20.949792656595932,3.0727927684783936,-0.007576224643852214
16,20.951448454745087,3.0947065353393555,0.0016557981491551743
17,20.961633967105033,3.1167263984680176,0.010185512359946358
18,20.96593439436651,3.1387112140655518,0.004300427261476614
19,20.978762605301977,3.160723924636841,0.012828210935467155
20,21.00078799558627,3.1826937198638916,0.02202539028429129
21,20.987740758298564,3.204613447189331,-0.013047237287704405
22,20.97796882524163,3.226656198501587,-0.009771933056935467
23,21.002602701002004,3.2486751079559326,0.0246338757603759
24,21.02234037103714,3.2706868648529053,0.01973767003513416
25,21.03943283928093,3.292649507522583,0.01709246824379207
26,21.05814628510028,3.314713478088379,0.01871344581934764
27,21.060790350868828,3.336738109588623,0.002644065768549808
28,21.085460378456844,3.358793020248413,0.02467002758801584
29,21.093989574557206,3.380774736404419,0.008529196100361958
0,21.097842540027496,3.439838171005249,0.008529196100361958
1,21.115154875091307,3.461916923522949,0.017312335063810025
2,21.13065310411168,3.483933687210083,0.015498229020373344
3,21.159266051600152,3.5060393810272217,0.02861294748847243
4,21.149081414268867,3.528510093688965,-0.010184637331285273
5,21.12441342738784,3.550651788711548,-0.02466798688102756
6,21.129217610802616,3.5726897716522217,0.00480418341477673
7,21.12561995832197,3.594693422317505,-0.003597652480646474
8,21.117054885935197,3.6167101860046387,-0.008565072386772954
9,21.126251693048523,3.638767957687378,0.0091968071133266
10,21.118675468404675,3.66078782081604,-0.007576224643848661
11,21.10683412254932,3.682802438735962,-0.011841345855355456
12,21.096649505285963,3.7047953605651855,-0.010184617263355733
13,21.088120309185605,3.7267301082611084,-0.008529196100358405
14,21.088120309185605,3.7488179206848145,0.0
15,21.123644294573218,3.7707486152648926,0.03552398538761281
16,21.1328763040328,3.792736291885376,0.009232009459580581
17,21.14538460029439,3.8147501945495605,0.01250829626158989
18,21.13780804958963,3.836709976196289,-0.007576550704758489
19,21.094745321841067,3.858752727508545,-0.04306272774856268
20,21.108652538474207,3.8807384967803955,0.01390721663313954
21,21.11336595695608,3.9027023315429688,0.004713418481873788
22,21.091947481547017,3.9246339797973633,-0.02141847540906383
23,21.068587230899716,3.946655750274658,-0.023360250647300518
24,21.08240569343846,3.9687016010284424,0.013818462538743859
25,21.123179463889972,3.990675210952759,0.04077377045151209
26,21.115063689769798,4.0126121044158936,-0.00811577412017428
27,21.122926322269002,4.03459095954895,0.00786263249920438
28,21.118661771293937,4.056533575057983,-0.004264550975065617
29,21.12983599020386,4.078604459762573,0.011174218909921763
0,21.137951952459396,4.137807846069336,0.011174218909921763
1,21.165576801580105,4.159855604171753,0.027624849120709172
2,21.192569563542243,4.181854248046875,0.026992761962137735
3,21.215928953636514,4.203847169876099,0.023359390094270793
4,21.19883487344628,4.2261598110198975,-0.017094080190233285
5,21.175818701215256,4.248547554016113,-0.023016172231024257
6,21.168242476571404,4.270580291748047,-0.007576224643852214
7,21.172507205510986,4.2925801277160645,0.00426472893958163
8,21.192591857949694,4.314560890197754,0.02008465243870816
9,21.24323089760272,4.336581707000732,0.05063903965302785
10,21.2626477078724,4.358703374862671,0.019416810269678564
11,21.2422777404417,4.380711317062378,-0.02036996743069963
12,21.271879900895012,4.402692079544067,0.029602160453311654
13,21.285377075951462,4.424679756164551,0.013497175056450317
14,21.285377075951462,4.446673631668091,0.0
15,21.285377075951462,4.468726396560669,0.0
16,21.282100996894624,4.490663051605225,-0.0032760790568389098
17,21.29460906346954,4.512614965438843,0.012508066574916654
18,21.29721782962887,4.53459358215332,0.0026087661593301448
19,21.291964042806562,4.556711435317993,-0.005253786822308371
20,21.303265452228924,4.578778266906738,0.01130140942236224
21,21.284837308664407,4.600770950317383,-0.01842814356451683
22,21.284170358258173,4.622755765914917,-0.0006669504062344345
23,21.248302446324153,4.644739627838135,-0.0358679119340195
24,21.256164150054985,4.666752338409424,0.007861703730831948
25,21.260751456591937,4.688820123672485,0.0045873065369512744
26,21.281158246272348,4.710831880569458,0.020406789680411208
27,21.26272939187009,4.732799530029297,-0.018428854402259276
28,21.261396741023667,4.754755258560181,-0.0013326508464217568
29,21.250544305675913,4.776763200759888,-0.010852435347754152
0,21.258120633060887,4.845662355422974,-0.010852435347754152
1,21.29583817404935,4.8678202629089355,0.03771754098846358
2,21.303091583040917,4.889872074127197,0.007253408991566346
3,21.291917753534058,4.911870718002319,-0.011173829506859079
4,21.309229364110802,4.9338696002960205,0.01731161057674413
5,21.317472156192444,4.956007242202759,0.008242792081642136
6,21.292802785112876,4.978380918502808,-0.024669371079568236
7,21.260591491824577,5.000387907028198,-0.03221129328829875
8,21.241209680787577,5.022389650344849,-0.019381811037000318
9,21.241209680787577,5.044358253479004,0.0
10,21.236944861138504,5.066411018371582,-0.004264819649073104
11,21.25470671453573,5.0885398387908936,0.017761853397225025
12,21.23430105652313,5.11055064201355,-0.020405658012599304
13,21.23430105652313,5.1325414180755615,0.0
14,21.24945424519823,5.154464244842529,0.015153188675100182
15,21.24420008253445,5.176490068435669,-0.005254162663778317
16,21.205364400726058,5.198599815368652,-0.038835681808393474
17,21.216216935483338,5.220568418502808,0.010852534757280097
18,21.22706944855769,5.242558240890503,0.010852513074350867
19,21.22872527990645,5.264496088027954,0.0016558313487600174
20,21.232323679767795,5.286501884460449,0.0035983998613460244
21,21.20577945997219,5.308596611022949,-0.026544219795603397
22,21.16991184198537,5.3306052684783936,-0.03586761798682048
23,21.16593267282779,5.352595090866089,-0.0039791691575814525
24,21.132479392832842,5.374539852142334,-0.03345327999494785
25,21.11997177421048,5.396540641784668,-0.012507618622361605
26,21.162403581939692,5.4186553955078125,0.04243180772921207
27,21.197260377366298,5.440677165985107,0.03485679542660591
28,21.226863045605803,5.462653875350952,0.029602668239505192
29,21.24987981337589,5.484602689743042,0.023016767770087654
0,21.27410114500205,5.553117990493774,0.023016767770087654
1,21.23485477441597,5.575556755065918,-0.03924637058607772
2,21.278492855221014,5.597557544708252,0.04363808080504228
3,21.31203832010537,5.619537353515625,0.03354546488435517
4,21.30840449489791,5.6415112018585205,-0.0036338252074585853
5,21.297230959931873,5.663536787033081,-0.011173534966037124
6,21.29197905219076,5.685641765594482,-0.00525190774111195
7,21.313052509175403,5.707624435424805,0.02107345698464158
8,21.306141758311593,5.729601144790649,-0.006910750863809767
9,21.305153195689975,5.751597881317139,-0.000988562621618172
10,21.286402243799802,5.773606777191162,-0.01875095189017273
11,21.300566274146615,5.7957305908203125,0.01416403034681224
12,21.34859869699317,5.817713260650635,0.048032422846556955
13,21.37559341295125,5.839714050292969,0.026994715958078785
14,21.3739729242984,5.861710786819458,-0.0016204886528505824
15,21.381549338946535,5.883724689483643,0.007576414648134744
16,21.38908984271881,5.905824422836304,0.007540503772275997
17,21.38383522921639,5.927890062332153,-0.005254613502419403
18,21.389756041432086,5.949883937835693,0.0059208122156952925
19,21.359163056758657,5.971900701522827,-0.030592984673429413
20,21.334275057706144,5.993889570236206,-0.024887999052513265
21,21.364325027409855,6.016074180603027,0.0300499697037111
22,21.358855319853784,6.0381669998168945,-0.005469707556070347
23,21.370030221236938,6.060152769088745,0.011174901383153468
24,21.370352380751847,6.082104444503784,0.00032215951490854877
25,21.36475285601845,6.104093313217163,-0.005599524733398198
26,21.404539439458024,6.1262290477752686,0.039786583439575196
27,21.38346598247338,6.1483447551727295,-0.021073456984645134
28,21.35650742351996,6.170378684997559,-0.026958558953417366
29,21.3676816820702,6.1923723220825195,0.011174258550237681
0,21.360773300535957,6.251370668411255,0.011174258550237681
1,21.344632421103306,6.2741875648498535,-0.01614087943265119
2,21.312384451996433,6.296257257461548,-0.03224796910687289
3,21.296242307441315,6.318464040756226,-0.01614214455511842
4,21.317280155737382,6.338926792144775,0.021037848296067807
5,21.333386769447095,6.35932469367981,0.016106613709713002
6,21.33504256499827,6.379730463027954,0.0016557955511729006
7,21.324154558797396,6.400115251541138,-0.010888006200872269
8,21.325774457765412,6.420485019683838,0.0016198989680162867
9,21.32348657076647,6.440884828567505,-0.0022878869989426676
10,21.327751638054174,6.461257696151733,0.004265067287704483
11,21.305022009159654,6.481665372848511,-0.02272962889452046
12,21.272106295258844,6.50203013420105,-0.03291571390080961
13,21.279017381049982,6.5223939418792725,0.006911085791138305
14,21.27144075082041,6.544307708740234,-0.00757663022957189
15,21.287547072400002,6.564706563949585,0.01610632157959202
16,21.275038877509864,6.585174322128296,-0.012508194890138213
17,21.289812640576095,6.605579137802124,0.014773763066230572
18,21.3069082492478,6.626157760620117,0.01709560867170623
19,21.296055437949338,6.646537780761719,-0.010852811298462939
20,21.313471418306435,6.6669604778289795,0.017415980357096572
21,21.313125255580356,6.6873791217803955,-0.0003461627260783473
22,21.31443580716799,6.707765102386475,0.0013105515876326024
23,21.313101812304534,6.7281718254089355,-0.001333994863454535
24,21.302699140608418,6.7485575675964355,-0.010402671696116528
25,21.281948075874205,6.7689454555511475,-0.020751064734213287
26,21.271546739605196,6.789363145828247,-0.010401336269008965
27,21.261682942653703,6.809735059738159,-0.009863796951492532
28,21.264778911818073,6.830114841461182,0.0030959691643701603
29,21.291072642880486,6.8504884243011475,0.026293731062413173
0,21.30291472733896,6.896737098693848,0.026293731062413173
1,21.32825359132455,6.917277812957764,0.02533886398559204
2,21.35785763094417,6.937666654586792,0.029604039619620437
3,21.35719214286597,6.958061456680298,-0.0006654880782015482
4,21.367413889388747,6.978521108627319,0.010221746522777408
5,21.371678963569344,6.998842000961304,0.00426507418059785
6,21.383520667979518,7.019169807434082,0.011841704410173293
7,21.380911122965717,7.039960622787476,-0.0026095450138008403
8,21.385176437902626,7.061938285827637,0.004265314936908737
9,21.41805757948552,7.083991050720215,0.03288114158289446
10,21.41640171968659,7.1060779094696045,-0.001655859798930237
11,21.461162414111023,7.128211736679077,0.044760694424432756
12,21.467083507167057,7.150193452835083,0.005921093056034721
13,21.476316321120798,7.172190189361572,0.00923281395374076
14,21.482776753192557,7.19415807723999,0.006460432071758504
15,21.501206378738477,7.216221809387207,0.018429625545920203
16,21.513587804035687,7.238444566726685,0.012381425297210313
17,21.533006956341623,7.260380268096924,0.01941915230593594
18,21.53516548819854,7.282396078109741,0.0021585318569172784
19,21.54439860698286,7.304377794265747,0.009233118784319316
20,21.524979789544137,7.326375484466553,-0.01941881743872287
21,21.528291459531008,7.348707437515259,0.0033116699868713795
22,21.516449565098974,7.370727062225342,-0.01184189443203465
23,21.50199719720765,7.392741918563843,-0.014452367891323092
24,21.5147934245323,7.414722681045532,0.012796227324649578
25,21.532556677641104,7.436700344085693,0.017763253108803667
26,21.550319930749904,7.458712100982666,0.017763253108800114
27,21.560506709378274,7.4807350635528564,0.010186778628369808
28,21.564772118485983,7.5026867389678955,0.004265409107709672
29,21.553919668177087,7.524653434753418,-0.010852450308895811
0,21.565474718833578,7.583974838256836,-0.010852450308895811
1,21.554297392972252,7.6067795753479,-0.011177325861325471
2,21.562540718437084,7.628804445266724,0.008243325464832196
3,21.590166429014282,7.65079927444458,0.027625710577197538
4,21.593119485880695,7.672770023345947,0.0029530568664135615
5,21.577012059374916,7.694728851318359,-0.016107426505779898
6,21.57337617479554,7.716729402542114,-0.003635884579374249
7,21.58588452995445,7.738696336746216,0.012508355158907136
8,21.58228582019016,7.760612964630127,-0.0035987097642866672
9,21.582951520591305,7.78264594078064,0.000665700401142999
10,21.59479341502334,7.808593511581421,0.01184189443203465
11,21.61090084322486,7.835545301437378,0.01610742820152211
12,21.64381796298248,7.8575439453125,0.03291711975762013
13,21.669787694474707,7.879583835601807,0.025969731492224923
14,21.675421010380138,7.901535511016846,0.005633315905431147
15,21.67873268206275,7.923524379730225,0.003311671682613593
16,21.674467335721125,7.945610046386719,-0.004265346341625786
17,21.675133106810417,7.967633962631226,0.0006657710892916668
18,21.65902541872222,7.989620685577393,-0.016107688088197847
19,21.648838824990413,8.011547565460205,-0.01018659373180597
20,21.652437964244932,8.033541202545166,0.003599139254518491
21,21.66689010245016,8.055613994598389,0.014452138205228948
22,21.667843597361518,8.077648878097534,0.0009534949113572111
23,21.656325851337147,8.099615573883057,-0.011517746024370723
24,21.67867727557883,8.121507406234741,0.022351424241684015
25,21.697430921033074,8.143501996994019,0.018753645454243184
26,21.694606944430895,8.165618896484375,-0.002823976602179812
27,21.68371835058946,8.187631607055664,-0.010888593841436034
28,21.70346142048572,8.209594488143921,0.01974306989626129
29,21.693562601300258,8.231507062911987,-0.009898819185462315
0,21.70279536639151,8.290684461593628,-0.009898819185462315
1,21.69687418485822,8.312790393829346,-0.005921181533288689
2,21.680730139643366,8.33470606803894,-0.016144045214854685
3,21.661347672499993,8.356940746307373,-0.019382467143373106
4,21.65542658168993,8.378961563110352,-0.005921090810062424
5,21.65542658168993,8.400969505310059,0.0
6,21.670580720499775,8.422987222671509,0.015154138809844397
7,21.65873864033562,8.44491982460022,-0.011842080164154112
8,21.690666331289727,8.466998815536499,0.03192769095410597
9,21.71435164081035,8.489086389541626,0.023685309520622866
10,21.735390891174525,8.511004209518433,0.021039250364175643
11,21.73638184741211,8.532993078231812,0.0009909562375867154
12,21.752526207544086,8.555043697357178,0.016144360131974622
13,21.736418242991267,8.577053546905518,-0.01610796455281971
14,21.73906474925087,8.599121332168579,0.002646506259601722
15,21.750907956979113,8.621109008789062,0.01184320772824421
16,21.747144924720374,8.643081903457642,-0.003763032258738974
17,21.737948104344184,8.665022611618042,-0.009196820376189407
18,21.72556677647095,8.68706750869751,-0.012381327873235648
19,21.75090869009923,8.709114074707031,0.02534191362828153
20,21.73786156440088,8.731091022491455,-0.01304712569834976
21,21.741461419217856,8.753049612045288,0.0035998548169757782
22,21.735198248991633,8.774974584579468,-0.006263170226223025
23,21.74732903727483,8.797008275985718,0.012130788283197802
24,21.74434127790688,8.819018125534058,-0.002987759367950815
25,21.742019951190567,8.841038703918457,-0.0023213267163129103
26,21.73638718842937,8.86304259300232,-0.0056327627611985065
27,21.75348495990145,8.884973287582397,0.01709777147208058
28,21.727478362003374,8.906999111175537,-0.0260065978980748
29,21.709175470014483,8.929004907608032,-0.0183028919888919
0,21.684537080395792,8.988495349884033,-0.0183028919888919
1,21.655596059409937,9.010571956634521,-0.028941020985854493
2,21.63419719825668,9.032646894454956,-0.021398861153258508
3,21.63059880642787,9.054551601409912,-0.0035983918288096106
4,21.614490288073473,9.076516389846802,-0.01610851835439675
5,21.581284199799917,9.098692178726196,-0.03320608827355542
6,21.589851215811482,9.120704889297485,0.008567016011564732
7,21.611880642761523,9.142698764801025,0.022029426950041398
8,21.59465556591036,9.164684534072876,-0.017225076851161703
9,21.572625397250764,9.186714172363281,-0.022030168659597393
10,21.600124661154346,9.208739042282104,0.02749926390358226
11,21.59846879276649,9.230732679367065,-0.00165586838785714
12,21.59222396263054,9.252700567245483,-0.006244830135948121
13,21.572967139459053,9.274707317352295,-0.01925682317148869
14,21.571977170451603,9.296674966812134,-0.0009899690074490763
15,21.570321302063743,9.318817853927612,-0.0016558683878606928
16,21.569367370881146,9.34083366394043,-0.00095393118259679
17,21.562780255476284,9.362857341766357,-0.006587115404862232
18,21.605349321929385,9.384867191314697,0.0425690664531011
19,21.62311429291537,9.407002925872803,0.017764970985986395
20,21.630313278995718,9.429067611694336,0.00719898608034697
21,21.630764079840397,9.45106554031372,0.00045080084467841175
22,21.632076762722164,9.473053216934204,0.0013126828817675573
23,21.640930156787643,9.495048999786377,0.008853394065479137
24,21.634470105306068,9.517033815383911,-0.006460051481575135
25,21.63326450219992,9.539098501205444,-0.0012056031061469241
26,21.62253895433144,9.562767267227173,-0.01072554786848201
27,21.607547815900666,9.584805011749268,-0.014991138430772821
28,21.653263291966226,9.606801748275757,0.04571547606555981
29,21.668706758698978,9.62918758392334,0.015443466732751432
0,21.63910086175408,9.68855595588684,0.015443466732751432
1,21.632225643192747,9.710663795471191,-0.0068752185613334404
2,21.642448154318657,9.73259162902832,0.010222511125910216
3,21.622579097511174,9.75461721420288,-0.019869056807483076
4,21.614048373466556,9.776546001434326,-0.00853072404461841
5,21.60879271964915,9.798784732818604,-0.005255653817407335
6,21.614714279219932,9.820750713348389,0.00592155957078333
7,21.609458562706912,9.842784404754639,-0.005255716513019593
8,21.580387836254662,9.864789247512817,-0.029070726452250284
9,21.577614003699445,9.886904954910278,-0.002773832555217126
10,21.581053201783504,9.908901691436768,0.0034391980840595693
11,21.594388471826413,9.930872440338135,0.013335270042908576
12,21.585821744398086,9.952858209609985,-0.008566727428327425
13,21.587605030680685,9.974838972091675,0.0017832862825990503
14,21.58168355944216,9.996817827224731,-0.005921471238526266
15,21.5848320605454,10.018887519836426,0.0031485011032401644
16,21.57712730533648,10.040853261947632,-0.007704755208919778
17,21.57712730533648,10.06275200843811,0.0
18,21.556050612049336,10.084720849990845,-0.021076693287142234
19,21.541560903627932,10.106729745864868,-0.014489708421404401
20,21.540894566533954,10.12878942489624,-0.000666337093978342
21,21.510749187329484,10.150749206542969,-0.03014537920446969
22,21.49836766460938,10.172651052474976,-0.012381522720104954
23,21.506393871813373,10.194662809371948,0.008026207203993607
24,21.48809096162221,10.216731548309326,-0.01830291019116359
25,21.474089874158178,10.23898434638977,-0.014001087464031059
26,21.446426233434483,10.260921001434326,-0.027663640723694982
27,21.431435077318106,10.28281569480896,-0.014991156116376914
28,21.390941214258742,10.304829597473145,-0.04049386305936409
29,21.364107226224483,10.32681131362915,-0.026833988034258738
0,21.32911858056499,10.386033773422241,-0.026833988034258738
1,21.297570079469242,10.408455610275269,-0.031548501095748804
2,21.301548389404708,10.43044137954712,0.003978309935465774
3,21.278402964855182,10.452917098999023,-0.023145424549525728
4,21.22727723153448,10.475531816482544,-0.05112573332070269
5,21.227943568628458,10.49751353263855,0.000666337093978342
6,21.22596496555709,10.519527435302734,-0.0019786030713682123
7,21.21892667703782,10.541529178619385,-0.007038288519268576
8,21.20447430440009,10.565189838409424,-0.014452372637730804
9,21.171591889851523,10.58722972869873,-0.032882414548566885
10,21.164014846275883,10.60925841331482,-0.007577043575640374
11,21.175857324395288,10.631240129470825,0.011842478119405087
12,21.158093467910923,10.65324091911316,-0.017763856484364737
13,21.152172182416983,10.67519760131836,-0.0059212854939403314
14,21.153665411770653,10.697234392166138,0.0014932293536702446
15,21.13590155528629,10.719223260879517,-0.017763856484364737
16,21.086050846530036,10.741164922714233,-0.04985070875625297
17,21.060582989345598,10.763105869293213,-0.025467857184438003
18,21.070931473200492,10.785070657730103,0.010348483854894397
19,21.062238079939224,10.81058120727539,-0.008693393261268056
20,21.061698176765855,10.837367057800293,-0.0005399031733688275
21,21.051798406415564,10.859378814697266,-0.009899770350290993
22,21.0478200964801,10.881367683410645,-0.003978309935465774
23,21.054694418556615,10.903348445892334,0.006874322076516393
24,21.067522316674413,10.925340175628662,0.012827898117798497
25,20.998577423924466,10.947338819503784,-0.06894489274994697
26,20.98345949310989,10.969356536865234,-0.015117930814575686
27,20.968305683259935,10.991348505020142,-0.015153809849955735
28,20.938033083651785,11.01325511932373,-0.030272599608149875
29,20.945737553310003,11.035238981246948,0.007704469658218471
0,20.910880766933808,11.101476192474365,0.007704469658218471
1,20.863067964860534,11.123605012893677,-0.047812802073273986
2,20.8323488596902,11.145715713500977,-0.03071910517033416
3,20.836164653041827,11.167972564697266,0.0038157933516274056
4,20.82929051024568,11.19111943244934,-0.0068741427961462875
5,20.833106781161092,11.21318006515503,0.0038162709154114793
6,20.83791268924417,11.235199928283691,0.004805908083078236
7,20.86391988329659,11.257188558578491,0.02600719405241847
8,20.864459786469958,11.279175519943237,0.0005399031733688275
9,20.872036647759405,11.301229238510132,0.007576861289447123
10,20.875185732617542,11.323153018951416,0.00314908485813703
11,20.87684158597478,11.345151662826538,0.0016558533572386125
12,20.857585172202775,11.367156505584717,-0.019256413772005487
13,20.843134171112315,11.389151334762573,-0.01445100109046038
14,20.859240476150614,11.41115403175354,0.01610630503829924
15,20.875218838550897,11.433137893676758,0.01597836240028272
16,20.88225599254833,11.455151557922363,0.007037153997433876
17,20.86713738412963,11.477174282073975,-0.015118608418699608
18,20.880762951235173,11.499205112457275,0.013625567105542302
19,20.857078737916183,11.521111011505127,-0.023684213318990288
20,20.885347615163518,11.543058633804321,0.028268877247334956
21,20.89845987822265,11.566885471343994,0.01311226305913138
22,20.919818716768006,11.588918209075928,0.021358838545356917
23,20.906642559465958,11.610966920852661,-0.013176157302048352
24,20.932269611467305,11.63295865058899,0.025627052001347295
25,20.93259125383189,11.654885530471802,0.0003216423645859834
26,20.962516851984866,11.677000284194946,0.029925598152974686
27,20.952617053838473,11.699093103408813,-0.009899798146392413
28,20.94437277618503,11.721088886260986,-0.008244277653442822
29,20.933646830037446,11.743071556091309,-0.010725946147584153
0,20.923460969338727,11.802052974700928,-0.010725946147584153
1,20.91754015701684,11.824116706848145,-0.005920812321885904
2,20.90884790466783,11.846179485321045,-0.008692252349010943
3,20.91903376536655,11.86824917793274,0.010185860698719296
4,20.91903376536655,11.890980005264282,0.0
5,20.926737759161558,11.913020849227905,0.0077039937950083015
6,20.934151880548058,11.935015678405762,0.007414121386499772
7,20.928230968823943,11.957036256790161,-0.005920911724114575
8,20.906040575026655,11.97911524772644,-0.022190393797288266
9,20.926952680578317,12.001140832901001,0.020912105551662563
10,20.920205275695213,12.023156642913818,-0.006747404883103769
11,20.94720124986994,12.045174360275269,0.026995974174727877
12,20.95477823946217,12.06717324256897,0.007576989592227079
13,20.968276607248857,12.08918809890747,0.013498367786688448
14,20.93768198483509,12.111210823059082,-0.03059462241376565
15,20.930104900230138,12.133224487304688,-0.0075770846049536544
16,20.933381262066383,12.155225276947021,0.0032763618362459113
17,20.941947749591407,12.177234172821045,0.008566487525023092
18,20.958055421946398,12.199188947677612,0.01610767235499111
19,20.952960361924234,12.22116470336914,-0.0050950600221639775
20,20.981233113604468,12.243089437484741,0.02827275168023391
21,20.999984942711084,12.26500916481018,0.018751829106616213
22,21.036500336260424,12.287030935287476,0.0365153935493403
23,21.06709650932712,12.313609600067139,0.030596173066694377
24,21.08336666112676,12.336052417755127,0.016270151799641752
25,21.12895254444013,12.358176231384277,0.045585883313368214
26,21.129941902208525,12.380177021026611,0.0009893577683968147
27,21.189155198486315,12.402135848999023,0.059213296277789595
28,21.21809317629888,12.424140453338623,0.02893797781256424
29,21.236846132881034,12.446199178695679,0.018752956582154923
0,21.25084810232364,12.506826639175415,0.018752956582154923
1,21.280130963889384,12.528979301452637,0.029282861565743445
2,21.32390246063392,12.55101728439331,0.04377149674453662
3,21.342009124645067,12.573029041290283,0.018106664011146023
4,21.388424361520066,12.594989776611328,0.046415236874999266
5,21.43547092414429,12.617114543914795,0.047046562624224464
6,21.48843938516991,12.639427185058594,0.05296846102562114
7,21.50753626000836,12.661422967910767,0.019096874838449907
8,21.53946530226927,12.683404922485352,0.03192904226090931
9,21.577315366047877,12.705415487289429,0.03785006377860611
10,21.609910821942716,12.727394342422485,0.03259545589483892
11,21.644449646910463,12.749374151229858,0.03453882496774696
12,21.662879945605994,12.771365880966187,0.018430298695530922
13,21.665201440701267,12.793335676193237,0.0023214950952734625
14,21.686113966338304,12.815237522125244,0.02091252563703705
15,21.718997460697032,12.837217092514038,0.03288349435872817
16,21.733162292839644,12.859209060668945,0.014164832142611772
17,21.752711393007722,12.881240844726562,0.01954910016807787
18,21.76522038650886,12.903253555297852,0.012508993501139543
19,21.790690486538743,12.925217390060425,0.025470100029881593
20,21.82128653852561,12.947213172912598,0.030596051986865547
21,21.818964901195688,12.969196796417236,-0.002321637329920634
22,21.825840478388507,12.991166591644287,0.006875577192818838
23,21.83568571408094,13.013094425201416,0.009845235692434784
24,21.870679402475222,13.035060167312622,0.0349936883942803
25,21.87001416207034,13.057088851928711,-0.0006652404048814731
26,21.856014544639976,13.07915472984314,-0.013999617430364708
27,21.87046718686498,13.101182460784912,0.014452642225002421
28,21.874732868158627,13.123169183731079,0.004265681293649237
29,21.879988960567495,13.145127058029175,0.005256092408867374
0,21.875686283120153,13.204535484313965,0.005256092408867374
1,21.87966317534626,13.226675271987915,0.003976892226106088
2,21.881319054922223,13.248700857162476,0.0016558795759635814
3,21.902358351541658,13.270631790161133,0.021039296619434822
4,21.936896748316858,13.292614459991455,0.03453839677520065
5,21.930020991800404,13.314654350280762,-0.00687575651645389
6,21.946129509306907,13.336713075637817,0.01610851750650255
7,21.95946471346457,13.358734846115112,0.013335204157662872
8,22.003236187635146,13.38072156906128,0.04377147417057614
9,22.000462067594444,13.402765274047852,-0.0027741200407014333
10,22.004727843069578,13.424768209457397,0.004265775475133182
11,22.02315745984091,13.446749925613403,0.018429616771332036
12,22.03073507356539,13.468832731246948,0.007577613724478738
13,22.040096118870252,13.490800380706787,0.009361045304864035
14,22.02382121325489,13.512712240219116,-0.01627490561536149
15,22.050156198991584,13.534690856933594,0.026334985736692573
16,22.072061194152486,13.556806802749634,0.021904995160902274
17,22.078973951996115,13.578953504562378,0.006912757843629436
18,22.079964776503864,13.600977182388306,0.0009908245077490108
19,22.08932582180873,13.623000144958496,0.009361045304864035
20,22.1014960742255,13.644982814788818,0.012170252416773053
21,22.10178495747453,13.666977643966675,0.0002888832490270943
22,22.111307517035847,13.688982248306274,0.009522559561318644
23,22.093868472884946,13.711018085479736,-0.01743904415090114
24,22.068852100943744,13.73296594619751,-0.02501637194120221
25,22.07837512716002,13.754929542541504,0.009523026216275099
26,22.08707118284881,13.777020454406738,0.008696055688790949
27,22.079658100121996,13.799017190933228,-0.0074130827268135135
28,22.051366595020063,13.821168899536133,-0.028291505101933012
29,22.06088955315293,13.843220710754395,0.009522958132865966
0,22.06420130411239,13.90234112739563,0.009522958132865966
1,22.069458085624266,13.924008846282959,0.0052567815118749195
2,22.05446697370406,13.944466590881348,-0.014991111920206635
3,22.057614501821327,13.9647855758667,0.003147528117267484
4,22.048417811959524,13.985363245010376,-0.009196689861802554
5,22.023073609795034,14.005767107009888,-0.02534420216449007
6,21.997729407630544,14.02616286277771,-0.02534420216449007
7,22.000339607919777,14.046527624130249,0.002610200289232978
8,22.00626154125566,14.066939353942871,0.005921933335883978
9,22.00626154125566,14.087338209152222,0.0
10,22.018106053886733,14.107735872268677,0.01184451263107178
11,21.9980560236025,14.128230810165405,-0.020050030284231468
12,22.00232213406249,14.148613452911377,0.00426611045998726
13,21.973703632939866,14.168996334075928,-0.02861850112262232
14,21.97469456997544,14.189383029937744,0.0009909370355742908
15,21.94441958513492,14.209772825241089,-0.030274984840520602
16,21.930127296970365,14.230119705200195,-0.014292288164554634
17,21.926023956881117,14.250505447387695,-0.004103340089248064
18,21.9506676477877,14.270904302597046,0.024643690906582805
19,21.933892512516948,14.291279077529907,-0.016775135270751917
20,21.90721884494434,14.311678886413574,-0.02667366757260936
21,21.889779153436905,14.332059621810913,-0.017439691507433963
22,21.903441341704355,14.35243535041809,0.013662188267449693
23,21.89291434826512,14.372818231582642,-0.010526993439235355
24,21.896515682181313,14.393187999725342,0.003601333916193994
25,21.89750666015025,14.413583755493164,0.00099097796893588
26,21.901107962175395,14.43401551246643,0.0036013020251459693
27,21.902099469589384,14.454398393630981,0.0009915074139890123
28,21.899778870169694,14.47477126121521,-0.0023205994196899837
29,21.884821105626656,14.49518895149231,-0.014957764543037655
0,21.86278836556477,14.542653560638428,-0.014957764543037655
1,21.877907533410976,14.563200235366821,0.015119167846204817
2,21.883829650381806,14.583585977554321,0.00592211697082945
3,21.92263601167044,14.603956699371338,0.03880636128863557
4,21.94698926261514,14.624765634536743,0.02435325094469931
5,21.953576699881644,14.64676833152771,0.006587437266503571
6,21.958507845394514,14.668819189071655,0.004931145512870216
7,21.938923257105074,14.690815925598145,-0.01958458828944032
8,21.92939871672106,14.71281361579895,-0.009524540384013847
9,21.937641718366695,14.734739542007446,0.008243001645634962
10,21.948495030511708,14.756710290908813,0.01085331214501295
11,21.971192280605983,14.77872109413147,0.022697250094275034
12,21.970865329428676,14.800683736801147,-0.00032695117730696666
13,21.982383432553576,14.822677612304688,0.011518103124899426
14,21.97878209863738,14.844595193862915,-0.003601333916193994
15,21.974515925412383,14.866572141647339,-0.0042661732249982265
16,21.969258717511096,14.888613939285278,-0.005257207901287586
17,21.962345188165973,14.910684585571289,-0.006913529345123237
18,21.9528220138012,14.932650327682495,-0.009523174364773013
19,21.97370171399233,14.954527139663696,0.020879700191130723
20,21.951004701339603,14.976532936096191,-0.02269701265272772
21,21.96450457237186,14.99859070777893,0.013499871032259136
22,21.93655082359277,15.020589590072632,-0.027953748779090404
23,21.940816937500454,15.042671203613281,0.004266113907682723
24,21.930628526428585,15.064597129821777,-0.010188411071869297
25,21.945082226134964,15.086590766906738,0.014453699706379552
26,21.951004157323034,15.108652591705322,0.005921931188069607
27,21.941643209362955,15.130633354187012,-0.009360947960079358
28,21.926524058840382,15.152602195739746,-0.015119150522572511
29,21.92159295211368,15.174506902694702,-0.004931106726701273
0,21.927225979389,15.233493328094482,-0.004931106726701273
1,21.889751110131208,15.255840063095093,-0.03747486925779242
2,21.87265169551955,15.277889728546143,-0.017099414611656982
3,21.845365014508783,15.299814462661743,-0.02728668101076792
4,21.820688526159167,15.321860313415527,-0.02467648834961622
5,21.795021960759545,15.34390902519226,-0.025666565399621533
6,21.771335173441557,15.365971803665161,-0.023686787317988234
7,21.740900072294714,15.387942552566528,-0.03043510114684267
8,21.745831088235548,15.409974336624146,0.004931015940833561
9,21.716222338840176,15.432019233703613,-0.029608749395372058
10,21.702399746030693,15.453993082046509,-0.013822592809482614
11,21.662730797016216,15.476049661636353,-0.039668949014476595
12,21.67635768056156,15.498185396194458,0.013626883545342139
13,21.644138742439516,15.52021837234497,-0.03221893812204257
14,21.61287363515518,15.542197942733765,-0.03126510728433729
15,21.592498280767206,15.564300775527954,-0.020375354387972777
16,21.58492044370299,15.586302518844604,-0.007577837064214776
17,21.578998791168697,15.608463287353516,-0.005921652534293997
18,21.574696244394648,15.630502223968506,-0.004302546774049176
19,21.54244180305904,15.652515888214111,-0.03225444133560629
20,21.51643415586123,15.674509763717651,-0.02600764719781168
21,21.504914435099174,15.696486473083496,-0.011519720762056096
22,21.46544503687906,15.718637228012085,-0.039469398220113305
23,21.4700347052371,15.740598917007446,0.0045896683580402
24,21.4558697525326,15.762504816055298,-0.014164952704501133
25,21.45520325050207,15.784504413604736,-0.0006665020305298697
26,21.468702359978415,15.806512355804443,0.013499109476345694
27,21.471184642052926,15.828644037246704,0.002482282074510067
28,21.43925539726419,15.850627899169922,-0.031929244788734934
29,21.429894741321664,15.87261962890625,-0.009360655942526108
0,21.413787606138797,15.932013988494873,-0.009360655942526108
1,21.412670788858055,15.954084873199463,-0.0011168172807423105
2,21.37010359334428,15.976171493530273,-0.04256719551377586
3,21.36153686591595,15.998465299606323,-0.008566727428327425
4,21.344439250603024,16.02047300338745,-0.017097615312927417
5,21.31976473221793,16.042431831359863,-0.024674518385094046
6,21.31301625246035,16.064441680908203,-0.0067484797575794175
7,21.295918637147427,16.086442470550537,-0.017097615312923864
8,21.27140592283036,16.108556270599365,-0.024512714317065587
9,21.29343607412322,16.130595922470093,0.022030151292860012
10,21.28420290649235,16.152509689331055,-0.009233167630871009
11,21.26478254705187,16.174505472183228,-0.01942035944048115
12,21.292733522299127,16.196511268615723,0.02795097524725776
13,21.28088992124931,16.218589067459106,-0.011843601049815078
14,21.302956282986585,16.240604877471924,0.02206636173727361
15,21.30722185247867,16.26253056526184,0.004265569492083898
16,21.27169333040491,16.28454327583313,-0.035528522073757784
17,21.253929208687033,16.306565046310425,-0.017764121717878112
18,21.264152351700623,16.32883596420288,0.010223143013590175
19,21.249033140505208,16.350830554962158,-0.01511921119541526
20,21.270395240436052,16.372754335403442,0.021362099930843925
21,21.233533863892045,16.394769191741943,-0.036861376544006674
22,21.218701135378062,16.416827917099,-0.01483272851398354
23,21.182507760471363,16.43889880180359,-0.036193374906698494
24,21.203871126737557,16.460882425308228,0.021363366266193395
25,21.21339081852016,16.482818365097046,0.0095196917826037
26,21.178688395683277,16.504826068878174,-0.03470242283688307
27,21.1763657176648,16.52691674232483,-0.0023226780184764095
28,21.188208567268287,16.550898551940918,0.011842849603485917
29,21.170443894741254,16.573761224746704,-0.017764672527032843
0,21.180343529061773,16.633241653442383,-0.017764672527032843
1,21.2070182943274,16.655324459075928,0.02667476526562851
2,21.2017629537005,16.677322149276733,-0.005255340626902694
3,21.217547791886382,16.699712991714478,0.015784838185883387
4,21.222479283190832,16.722184658050537,0.004931491304450475
5,21.221652898402745,16.744195461273193,-0.0008263847880876085
6,21.24285592621207,16.76621723175049,0.02120302780932448
7,21.275902458203937,16.788429975509644,0.03304653199186802
8,21.263069735011335,16.814356803894043,-0.012832723192602202
9,21.284110412985257,16.84013843536377,0.021040677973921618
10,21.301875370591695,16.862175226211548,0.01776495760643826
11,21.330493005806993,16.8841769695282,0.02861763521529781
12,21.353189565005312,16.906311750411987,0.022696559198319477
13,21.412402818336517,16.928414583206177,0.05921325333120464
14,21.384451386009736,16.950414419174194,-0.027951432326780434
15,21.39202874792787,16.972390174865723,0.0075773619181340734
16,21.420016388552266,16.994271993637085,0.027987640624395738
17,21.409829812344206,17.016369819641113,-0.010186576208059961
18,21.403114650191874,17.038390398025513,-0.006715162152332255
19,21.409036114823586,17.060388326644897,0.005921464631711615
20,21.4060473634506,17.08241605758667,-0.0029887513729853765
21,21.41655821987981,17.104390859603882,0.010510856429210236
22,21.412616027862768,17.12637758255005,-0.003942192017042601
23,21.414596730578086,17.14849328994751,0.001980702715318472
24,21.397821638223817,17.170512199401855,-0.016775092354269105
25,21.385184717778124,17.192503929138184,-0.012636920445693534
26,21.378469365659775,17.214494705200195,-0.006715352118348505
27,21.359910982397476,17.23647451400757,-0.01855838326229886
28,21.365166009839008,17.25849723815918,0.005255027441531723
29,21.35265650220149,17.280505895614624,-0.012509507637517459
0,21.345744543551998,17.34228539466858,-0.012509507637517459
1,21.359243287117376,17.364376068115234,0.01349874356537839
2,21.376181402315186,17.386419773101807,0.016938115197810077
3,21.36351153760161,17.408552646636963,-0.012669864713576118
4,21.376020694571512,17.43061637878418,0.012509156969901625
5,21.364177853887554,17.452582120895386,-0.01184284068395769
6,21.35134465978115,17.47453284263611,-0.012833194106402601
7,21.395441570316628,17.49651575088501,0.04409691053547604
8,21.386874702620982,17.518616437911987,-0.008566867695645186
9,21.388530599907405,17.5405912399292,0.0016558972864224586
10,21.406961662825566,17.56273102760315,0.01843106291816099
11,21.41023724695399,17.584760904312134,0.0032755841284242138
12,21.40167037925834,17.60678744316101,-0.008566867695648739
13,21.402463221619442,17.628910303115845,0.0007928423611005542
14,21.411660754263387,17.650928020477295,0.009197532643945294
15,21.42085849000508,17.67292881011963,0.009197735741693691
16,21.439416877477612,17.694937705993652,0.018558387472531024
17,21.436771383687415,17.71694850921631,-0.0026454937901974063
18,21.44004740105661,17.738951206207275,0.003276017369195472
19,21.454212811575545,17.76089596748352,0.014165410518934607
20,21.447625472840006,17.782896757125854,-0.00658733873553885
21,21.442693596970273,17.804895401000977,-0.004931875869733204
22,21.433332843690597,17.827001333236694,-0.009360753279676004
23,21.433332843690597,17.84911608695984,0.0
24,21.41916779587568,17.871128797531128,-0.014165047814916676
25,21.421813002366783,17.893139600753784,0.0026452064911026696
26,21.432990250511132,17.915186405181885,0.011177248144349505
27,21.40239170776234,17.93722105026245,-0.030598542748791147
28,21.416880329541755,17.959208965301514,0.01448862177941379
29,21.444006332453057,17.98114562034607,0.027126002911302294
0,21.429680838188624,18.04206395149231,0.027126002911302294
1,21.391670387679785,18.064122915267944,-0.038010450508839
2,21.414366227320684,18.086455583572388,0.022695839640899607
3,21.393828852298718,18.108566284179688,-0.020537375021966398
4,21.376731236985794,18.130588054656982,-0.017097615312923864
5,21.388574263419933,18.152612924575806,0.011843026434139148
6,21.369026568043115,18.174595594406128,-0.019547695376818552
7,21.370682468776725,18.196548461914062,0.001655900733609883
8,21.368072800018247,18.218614101409912,-0.002609668758477568
9,21.339454836581286,18.240659952163696,-0.02861796343696099
10,21.33353327907346,18.26257872581482,-0.005921557507825526
11,21.323310518386002,18.2845516204834,-0.010222760687458532
12,21.321654621099583,18.306512355804443,-0.0016558972864189059
13,21.31655953464914,18.32865810394287,-0.00509508645044221
14,21.346166857820936,18.350682735443115,0.029607323171795485
15,21.350432577358173,18.372692584991455,0.004265719537237089
16,21.331678054574766,18.39467144012451,-0.018754522783407168
17,21.3385890236836,18.416803121566772,0.006910969108833598
18,21.34778645477807,18.438907861709595,0.009197431094470687
19,21.301240439303875,18.460885763168335,-0.04654601547419546
20,21.29614535946025,18.48283839225769,-0.005095079843624006
21,21.30388152610854,18.504807233810425,0.007736166648289355
22,21.285451165233464,18.526896953582764,-0.01843036087507599
23,21.290040029042224,18.54889464378357,0.004588863808759669
24,21.294628233971277,18.571796417236328,0.004588204929053319
25,21.288040573376424,18.593826293945312,-0.006587660594853162
26,21.300873296569023,18.61590600013733,0.01283272319259865
27,21.31532617322282,18.637937784194946,0.014452876653798796
28,21.272222605349878,18.659942626953125,-0.04310356787294367
29,21.280753594234795,18.68193030357361,0.008530988884917434
0,21.262703256135712,18.741276741027832,0.008530988884917434
1,21.26337007650249,18.763375520706177,0.0006668203667778982
2,21.256622313349446,18.785296201705933,-0.0067477631530437066
3,21.23691611070502,18.80730700492859,-0.01970620264442502
4,21.2056881221222,18.829319715499878,-0.031227988582820387
5,21.214059225941835,18.851255655288696,0.00837110381963413
6,21.21571512452865,18.873250484466553,0.001655898586815141
7,21.214059182861345,18.895251035690308,-0.0016559416673054272
8,21.21899042987835,18.91724991798401,0.0049312470170050915
9,21.21899042987835,18.939278602600098,0.0
10,21.21899042987835,18.961186408996582,0.0
11,21.23315593550407,18.983189344406128,0.014165505625719277
12,21.247644979521652,19.005189895629883,0.014489044017583552
13,21.24337916580526,19.02718687057495,-0.004265813716394007
14,21.223004955977956,19.049192428588867,-0.020374209827302536
15,21.208551854396973,19.071102380752563,-0.01445310158098323
16,21.2052399723623,19.093104124069214,-0.0033118820346729194
17,21.186808880548238,19.115128755569458,-0.018431091814061773
18,21.227590163737847,19.13716459274292,0.040781283189609496
19,21.242745262420158,19.159131288528442,0.015155098682310353
20,21.233833504172328,19.181026220321655,-0.008911758247830193
21,21.2519211592139,19.20296883583069,0.018087655041572503
22,21.247815312015852,19.224966764450073,-0.004105847198047741
23,21.256667904309182,19.24727439880371,0.00885259229333002
24,21.264209848607333,19.26925826072693,0.007541944298150582
25,21.25418280871508,19.291172981262207,-0.010027039892253953
26,21.253516177099442,19.313196897506714,-0.0006666316156369589
27,21.267015719816563,19.335217475891113,0.013499542717120505
28,21.237731752972117,19.357239246368408,-0.029283966844445786
29,21.258141602815787,19.379220008850098,0.020409849843670003
0,21.267374867615338,19.438846588134766,0.020409849843670003
1,21.281001186939914,19.46096420288086,0.01362631932457603
2,21.262246664156507,19.483030080795288,-0.018754522783407168
3,21.26291301276722,19.504969835281372,0.0006663486107143513
4,21.278032232638804,19.52700161933899,0.015119219871582601
5,21.313563035810652,19.549022436141968,0.035530803171848646
6,21.318494796971272,19.572676181793213,0.004931761160619885
7,21.314895737492474,19.59464693069458,-0.003599059478798239
8,21.324129369316164,19.616593599319458,0.009233631823690303
9,21.328395179585254,19.63864040374756,0.004265810269089343
10,21.34943581130046,19.660628080368042,0.02104063171520565
11,21.34516990684865,19.682617902755737,-0.004265904451809632
12,21.357013313546947,19.704577684402466,0.011843406698297088
13,21.377424820117632,19.72650456428528,0.020411506570685134
14,21.39290342273601,19.748497247695923,0.015478602618376414
15,21.40147114240685,19.77047896385193,0.008567719670843132
16,21.420226715052802,19.792454719543457,0.018755572645950735
17,21.403415305786137,19.818603515625,-0.016811409266665578
18,21.407681032218495,19.840936422348022,0.004265726432358008
19,21.4027490267777,19.86313509941101,-0.0049320054407964165
20,21.400427022957057,19.885175943374634,-0.002322003820641072
21,21.40389988948084,19.907166719436646,0.0034728665237828693
22,21.40488915645202,19.92914342880249,0.000989266971178182
23,21.390723650826295,19.95104718208313,-0.01416550562572283
24,21.422313029099584,19.973050832748413,0.03158937827328856
25,21.403881297390544,19.995030641555786,-0.018431731709039667
26,21.393027786440904,20.017041444778442,-0.010853510949640821
27,21.392361119487347,20.039183139801025,-0.0006666669535562164
28,21.362085950647884,20.06115198135376,-0.030275168839462907
29,21.357153945207088,20.083051681518555,-0.0049320054407964165
0,21.352888466441264,20.14209222793579,-0.0049320054407964165
1,21.341045055447704,20.164177894592285,-0.0118434109935599
2,21.36374204641849,20.187021732330322,0.022696990970786146
3,21.336420034922426,20.208964586257935,-0.02732201149606439
4,21.3327842686934,20.230932235717773,-0.003635766229027837
5,21.317305666075022,20.25299310684204,-0.015478602618376414
6,21.2926285272491,20.27501368522644,-0.02467713882592193
7,21.29495084167575,20.297035455703735,0.002322314426649541
8,21.2999186498926,20.319090366363525,0.0049678082168505
9,21.29561703684746,20.34116506576538,-0.004301613045139874
10,21.284763050553266,20.3631649017334,-0.010853986294193874
11,21.266997516094193,20.38517665863037,-0.01776553445907325
12,21.253498546977895,20.407195329666138,-0.013498969116298554
13,21.26534176792028,20.429193258285522,0.011843220942385102
14,21.25416285839245,20.451514959335327,-0.011178909527828296
15,21.24066290221643,20.473463773727417,-0.013499956176019623
16,21.255152751877837,20.49554753303528,0.01448984966140543
17,21.254486203021656,20.517579317092896,-0.000666548856180782
18,21.271262017052884,20.539583921432495,0.0167758140312273
19,21.28045992694549,20.561630725860596,0.009197909892606049
20,21.311058418024285,20.58366560935974,0.030598491078794865
21,21.32716773346965,20.60576844215393,0.01610931544536598
22,21.316314520726795,20.627790212631226,-0.010853212742855334
23,21.3469122105784,20.64982581138611,0.030597689851603604
24,21.34032432665966,20.671815633773804,-0.006587883918740545
25,21.342969486622646,20.693828344345093,0.002645159962987975
26,21.349880514138157,20.715976238250732,0.006911027515510426
27,21.3324382881887,20.738095998764038,-0.017442225949455548
28,21.31496039612638,20.760015726089478,-0.01747789206232042
29,21.318723317920625,20.781954526901245,0.0037629217942445337
0,21.31247928343616,20.84112787246704,0.0037629217942445337
1,21.308213563898924,20.863179683685303,-0.004265719537237089
2,21.336831766949405,20.885112524032593,0.028618203050481128
3,21.351987245739146,20.907214164733887,0.015155478789740329
4,21.33584225575951,20.929147005081177,-0.016144989979636648
5,21.350008124088376,20.951128721237183,0.014165868328866793
6,21.3361846583767,20.97311544418335,-0.013823465711677585
7,21.362194334673852,20.99500823020935,0.02600967629715356
8,21.36318379600939,21.01701807975769,0.0009894613355392323
9,21.35560602071329,21.03914976119995,-0.007577775296102374
10,21.318419298647825,21.061156511306763,-0.037186722065463584
11,21.303299444538,21.083173274993896,-0.015119854109826747
12,21.293111604530065,21.10509204864502,-0.010187840007933602
13,21.281267826302134,21.127089977264404,-0.011843778227930812
14,21.28457969285168,21.14916157722473,0.0033118665495450728
15,21.309922834477348,21.171140432357788,0.025343141625668864
16,21.32011083664613,21.193040132522583,0.010188002168781907
17,21.351376528307267,21.214993000030518,0.031265691661136685
18,21.36487627678653,21.23702383041382,0.013499748479262053
19,21.3594930238202,21.25895357131958,-0.005383252966328911
20,21.365737058304667,21.280936241149902,0.00624403448446742
21,21.36175863600382,21.30292510986328,-0.003978422300846773
22,21.34924919457726,21.32496690750122,-0.012509441426558965
23,21.35284980488402,21.34704351425171,0.0036006103067585116
24,21.33967330175152,21.369109392166138,-0.013176503132498851
25,21.33900738959867,21.391138076782227,-0.0006659121528507228
26,21.367285832750856,21.413148880004883,0.028278443152185417
27,21.342932125713983,21.435064792633057,-0.024353707036873118
28,21.351464154327072,21.45711636543274,0.008532028613089437
29,21.338954167731988,21.479109287261963,-0.0125099865950844
