,acceleration,altitude,time,z_velocity
0,1.068603515625,-0.07088404316029671,0.0015878677368164062,0.0
1,1.066162109375,-0.14438068558430045,0.022957801818847656,-0.05732090869807817
2,1.064453125,-0.21404800640450572,0.044873714447021484,-0.1103016826849856
3,1.0703125,-0.2942060471345547,0.06682848930358887,-0.1711525615588897
4,1.07568359375,-0.3606551880046834,0.08868241310119629,-0.22182930462001718
5,1.073974609375,-0.4434775447204435,0.11277127265930176,-0.279132665478579
6,1.07568359375,-0.5112597326216748,0.13637018203735352,-0.32700365449715935
7,1.077392578125,-0.5865319206402413,0.15980005264282227,-0.38054797354616376
8,1.059814453125,-0.6620809181048137,0.1837167739868164,-0.4331952381788249
9,1.06982421875,-0.736296560025373,0.20728778839111328,-0.4856718666398032
10,1.0732421875,-0.8059626126092253,0.2332446575164795,-0.5304037975514114
11,1.07861328125,-0.8793495600653912,0.2546055316925049,-0.5876634293837489
12,1.074462890625,-0.9499598613338854,0.27589941024780273,-0.6429299394945672
13,1.060302734375,-1.0205701626023795,0.2972092628479004,-0.6981550213644206
14,1.071533203125,-1.0955646395033303,0.318479061126709,-0.756919469055233
15,1.073974609375,-1.1665025528006314,0.3397190570831299,-0.8125832534260397
16,1.078369140625,-1.2359431076473535,0.3609037399291992,-0.8672143559630993
17,1.064208984375,-1.3044930962484131,0.382171630859375,-0.9209338250805863
18,1.0791015625,-1.3737085698698976,0.4035205841064453,-0.9749688502958411
19,1.072021484375,-1.4451479870082056,0.42643046379089355,-1.0269401818220112
20,1.06640625,-1.5122004669281237,0.44774937629699707,-1.0793603665607352
21,1.07177734375,-1.5853600487790669,0.46909022331237793,-1.1364961664333264
22,1.07275390625,-1.6520231247274304,0.4903850555419922,-1.1886708562278272
23,1.079345703125,-1.7156303388172365,0.5116069316864014,-1.2386249803409013
24,1.0732421875,-1.7890662853731394,0.533052921295166,-1.2956954380314234
25,1.06982421875,-1.8696664547595783,0.5544097423553467,-1.3585950686766073
26,1.080078125,-1.9407142520624523,0.5759587287902832,-1.413545678934922
27,1.07470703125,-2.004989101179884,0.5972564220428467,-1.4638444353583007
28,1.077880859375,-2.080813159499955,0.6185574531555176,-1.5231718124533364
29,1.07080078125,-2.1477522825082294,0.6398472785949707,-1.5755748748133704
30,1.07470703125,-2.2205227215447914,0.6611242294311523,-1.632577434059168
31,1.08154296875,-2.29462664074996,0.6824090480804443,-1.6906030785542516
32,1.068359375,-2.3598429519428588,0.7036898136138916,-1.7416791790908275
33,1.06884765625,-2.425724789417822,0.7250556945800781,-1.793070957708356
34,1.068359375,-2.4926639124260963,0.7463326454162598,-1.8455057289651815
35,1.067626953125,-2.5711013941697693,0.767500638961792,-1.90726365418292
36,1.067138671875,-2.6410943469062387,0.7894015312194824,-1.960528571362943
37,1.070068359375,-2.715863791217324,0.8221333026885986,-1.9986003697793702
38,1.063232421875,-2.7923559008398695,0.8461060523986816,-2.0517802723406886
39,1.06689453125,-2.859684490612023,0.869826078414917,-2.0990881109619943
40,1.0830078125,-2.9263475665603864,0.8936128616333008,-2.145796875892738
41,1.063232421875,-2.9956749924594446,0.9173426628112793,-2.194489112698747
42,1.074462890625,-3.069110939015348,0.9410824775695801,-2.24604522023621
43,1.07666015625,-3.137770549575306,0.9648103713989258,-2.2942722921750898
44,1.0712890625,-3.21465166830934,0.9885032176971436,-2.348354100784001
45,1.07470703125,-3.2870328855786335,1.0121052265167236,-2.3994664289920187
46,1.074462890625,-3.360079626532803,1.0359210968017578,-2.4505855217649803
47,1.07080078125,-3.431795317830484,1.0597050189971924,-2.5008405432793652
48,1.0732421875,-3.4963461004545815,1.0835208892822266,-2.5460140500289525
49,1.07763671875,-3.5715046521209772,1.1073286533355713,-2.598628924948182
50,1.075927734375,-3.5760555760909467,1.1310935020446777,-2.6018205603657374
51,1.07568359375,-3.574274624964624,1.1548223495483398,-2.60056965600692
52,1.07568359375,-3.578043250700322,1.1788551807403564,-2.6031831819966986
53,1.072998046875,-3.5699901392010376,1.2025251388549805,-2.5975127653302175
54,1.07763671875,-3.580033107953455,1.2263720035552979,-2.604531835327208
55,1.075927734375,-3.56109387583785,1.2500648498535156,-2.591209085302988
56,1.07373046875,-3.5691357462566895,1.2738726139068604,-2.5968388106878253
57,1.080810546875,-3.5651363638499185,1.2975776195526123,-2.5940268993792057
58,1.06982421875,-3.56196858365464,1.3211634159088135,-2.5917884192452036
59,1.080810546875,-3.5607996826882498,1.34505033493042,-2.5909728396907394
60,1.078125,-3.5647946985842105,1.3688042163848877,-2.5937759015142836
61,1.075439453125,-3.5637889683973385,1.3925659656524658,-2.53574956622524
62,1.0615234375,-3.5648943584265256,1.4163379669189453,-2.4835437866086676
63,1.0712890625,-3.5690535014691163,1.4400608539581299,-2.42561494039442
64,1.076416015625,-3.567494971124069,1.463871717453003,-2.3738472874737497
65,1.06689453125,-3.574994539570442,1.4876024723052979,-2.3218110497310573
66,1.072265625,-3.577935201993013,1.5111424922943115,-2.276022091245971
67,1.072265625,-3.5913191138923737,1.5349092483520508,-2.2318633693638987
68,1.07763671875,-3.600541122014563,1.5587282180786133,-2.1856689503888913
69,1.07861328125,-3.5943180160691544,1.5824499130249023,-2.128820019162098
70,1.077392578125,-3.5944294616946,1.6062648296356201,-2.084166082522782
71,1.087890625,-3.598427513706424,1.62998366355896,-2.0297157877941334
72,1.06982421875,-3.606533882069146,1.6537775993347168,-1.980127453023956
73,1.0576171875,-3.608808505454303,1.6776094436645508,-1.9264931162608572
74,1.07275390625,-3.6090336273782126,1.701345443725586,-1.867886742047274
75,1.089599609375,-3.6020945264715873,1.7251641750335693,-1.807367464733469
76,1.076904296875,-3.601039681905182,1.748857021331787,-1.7519943347273523
77,1.078369140625,-3.6087055538618427,1.7725839614868164,-1.703659653187876
78,1.070556640625,-3.6076509398528573,1.7963957786560059,-1.648886469266594
79,1.066650390625,-3.6185349726608353,1.8200995922088623,-1.6045679378434594
80,1.070556640625,-3.61403470975192,1.8439645767211914,-1.549004889895396
81,1.0703125,-3.6166481571756255,1.8677003383636475,-1.4937041883743085
82,1.085693359375,-3.6288147509059137,1.8914072513580322,-1.450082976724326
83,1.076416015625,-3.6335913907179904,1.9151182174682617,-1.4034863987848036
84,1.06982421875,-3.6355367729612293,1.9388320446014404,-1.3477832040504134
85,1.078857421875,-3.625983796469069,1.9624168872833252,-1.2781327853242208
86,1.06640625,-3.6355366296580685,1.9862468242645264,-1.2298634301027502
87,1.087158203125,-3.62903736147463,2.009812593460083,-1.1749681279230348
88,1.0712890625,-3.6244859729261765,2.033625602722168,-1.1124552451670942
89,1.077880859375,-3.6325923502842885,2.0574193000793457,-1.0657304213453471
90,1.076904296875,-3.644366756079599,2.0811612606048584,-1.0169934009280568
91,1.09033203125,-3.644366756079599,2.1048831939697266,-0.9589677564329732
92,1.073486328125,-3.653755742581041,2.1286768913269043,-0.9144683180270585
93,1.073486328125,-3.6587572005008964,2.1523818969726562,-0.8665929963656385
94,1.06201171875,-3.666423671243353,2.1761746406555176,-0.8195285394398297
95,1.06640625,-3.6653152595858547,2.1998836994171143,-0.7569914383041129
96,1.0732421875,-3.661820860688682,2.2236664295196533,-0.7012776861346484
97,1.0791015625,-3.6655401365212668,2.247347354888916,-0.6658235189795205
98,1.073486328125,-3.671647831184209,2.271019220352173,-0.6169438652180712
99,1.076904296875,-3.6760350654432816,2.2947330474853516,-0.5727194837955508
100,1.07177734375,-3.675369542624101,2.3235960006713867,-0.5256264183770899
101,1.071533203125,-3.6755945724005126,2.347571849822998,-0.47709060966043926
102,1.07080078125,-3.6901484842573624,2.3712966442108154,-0.4357586243492468
103,1.07373046875,-3.694092848883293,2.395075559616089,-0.39029616170022496
104,1.072021484375,-3.6906474802149165,2.418804407119751,-0.33379439522649346
105,1.06982421875,-3.705869988783681,2.4425573348999023,-0.29336321245428565
106,1.068115234375,-3.7000388832000795,2.466383218765259,-0.23816514852502868
107,1.072998046875,-3.70420104471855,2.490190029144287,-0.19082397214725594
108,1.061279296875,-3.7037605485233485,2.51387882232666,-0.1453405465598095
109,1.0712890625,-3.700706760305648,2.5376946926116943,-0.09058858953163891
110,1.074951171875,-3.7065914777513034,2.561443567276001,-0.09152677607325481
111,1.0732421875,-3.7126477422256836,2.5851504802703857,-0.09703541492764232
112,1.071533203125,-3.717649417556876,2.608863353729248,-0.09793733195933002
113,1.068603515625,-3.719597339874664,2.6326191425323486,-0.10497437855471889
114,1.0712890625,-3.718102114392853,2.6564431190490723,-0.09690928567068635
115,1.069580078125,-3.7116053537232716,2.6801469326019287,-0.10566402201847497
116,1.080322265625,-3.7183297696228976,2.703929901123047,-0.10474664354809407
117,1.075439453125,-3.709002130222229,2.727667808532715,-0.1010095084730171
118,1.06982421875,-3.7072820151074284,2.7513694763183594,-0.10203842877747676
119,1.083251953125,-3.714446921183823,2.7751214504241943,-0.10788159470186363
120,1.072998046875,-3.7240003622673328,2.7988083362579346,-0.11180056544841323
121,1.069580078125,-3.7266138990019715,2.8225550651550293,-0.11434030554698088
122,1.06396484375,-3.73028193643456,2.84639310836792,-0.11612986551794967
123,1.05029296875,-3.7367813162288908,2.870126962661743,-0.1177719038781598
124,1.072509765625,-3.739169541605773,2.893897771835327,-0.12053729423143382
125,1.0693359375,-3.739169541605773,2.917710781097412,-0.11527017111556467
126,1.068359375,-3.746559493792491,2.9414565563201904,-0.11837499460654914
127,1.0791015625,-3.7489478353160735,2.965353488922119,-0.11065512135166859
128,1.078125,-3.7489478353160735,2.9890823364257812,-0.1042022756940153
129,1.07275390625,-3.7467848181304504,3.012697219848633,-0.10704798670066175
130,1.07177734375,-3.7606740407841994,3.0365660190582275,-0.11666830369222593
131,1.080810546875,-3.761339579078513,3.0602879524230957,-0.11432656358978587
132,1.07568359375,-3.7532841000543846,3.0840187072753906,-0.10299083607387176
133,1.065185546875,-3.7634512549089125,3.1077945232391357,-0.1085271894089621
134,1.0693359375,-3.76478463260578,3.1314005851745605,-0.10931052503568463
135,1.0732421875,-3.767172932966062,3.1551353931427,-0.11584309099558447
136,1.07666015625,-3.771168806760473,3.178840160369873,-0.11939459117261085
137,1.077392578125,-3.7755048917325773,3.202566146850586,-0.11705574998452795
138,1.066650390625,-3.784717603992307,3.2263340950012207,-0.12425408789305467
139,1.064208984375,-3.7914420356434366,3.2508327960968018,-0.12117597362397046
140,1.07666015625,-3.7808340212022347,3.2756288051605225,-0.11718864744547904
141,1.072509765625,-3.78994407704685,3.3001534938812256,-0.12154462722777226
142,1.076171875,-3.786890314586911,3.3246734142303467,-0.11091544735688956
143,1.076416015625,-3.78822384786481,3.34932541847229,-0.10845947309666072
144,1.079833984375,-3.782781891557239,3.3738040924072266,-0.10338697381792712
145,1.08056640625,-3.7845558268996133,3.3983960151672363,-0.11134000986173657
146,1.068603515625,-3.788275283681111,3.4228858947753906,-0.10719004315093475
147,1.073974609375,-3.781110492678492,3.447587728500366,-0.10695240595929655
148,1.071044921875,-3.7817248210032477,3.472102642059326,-0.1105555678109106
149,1.078369140625,-3.7788964017066524,3.4968574047088623,-0.10297303625728306
0,1.0693359375,-3.7741199101320366,3.521860361099243,-0.10297303625728306
1,1.0693359375,-3.7756151356138474,3.579087972640991,-0.09514295898353017
2,1.072265625,-3.759064694339402,3.6114308834075928,-0.08661432994645947
3,1.074951171875,-3.7612275330793143,3.636345863342285,-0.0814844806338845
4,1.066162109375,-3.757897570371548,3.6582276821136475,-0.07543169984461269
5,1.076416015625,-3.748784889939097,3.6808714866638184,-0.06335412009488058
6,1.0732421875,-3.7476764424541416,3.7027103900909424,-0.0632873687065311
7,1.068359375,-3.7465705379215506,3.7245383262634277,-0.06489179302589365
8,1.07470703125,-3.7472360779472096,3.74649715423584,-0.06277930410529306
9,1.0634765625,-3.7607847849306197,3.7683770656585693,-0.06879956249094436
10,1.061767578125,-3.7583966328679193,3.7902448177337646,-0.06389595778721813
11,1.073974609375,-3.752565412223997,3.812422752380371,-0.059898109428315
12,1.069091796875,-3.74434305236789,3.8411316871643066,-0.05496827779868343
13,1.076171875,-3.7371780277960136,3.863370656967163,-0.03937443398654245
14,1.064453125,-3.7344490457511865,3.885453462600708,-0.03455016638898426
15,1.0712890625,-3.7364968539074677,3.9097201824188232,-0.038376582819026006
16,1.07177734375,-3.733051359369177,3.931786060333252,-0.02509300709722473
17,1.0791015625,-3.7344336274997993,3.9538040161132812,-0.030218297103788924
18,1.07275390625,-3.7293164137479637,3.9763259887695312,-0.023517621338898904
19,1.071044921875,-3.7357003659363066,3.9982168674468994,-0.028687975644295587
20,1.072265625,-3.7278675045589464,4.020632743835449,-0.02500116368102652
21,1.07763671875,-3.725141299347678,4.042614459991455,-0.018804316872718427
22,1.0673828125,-3.709417715456246,4.064521551132202,-0.0025842579480306253
23,1.070556640625,-3.7069160985421585,4.086461305618286,0.0028315534326731357
24,1.07470703125,-3.7072436727756597,4.108302116394043,0.0039482123044436174
25,1.0810546875,-3.704466025848798,4.130140066146851,0.005022082354775184
26,1.072509765625,-3.702077722683323,4.152038097381592,0.0022718144076843815
27,1.0732421875,-3.7067902745961736,4.1739349365234375,0.0033972266338939587
28,1.077880859375,-3.7042889231459823,4.195846796035767,-0.0012492340375739438
29,1.06884765625,-3.6920082395575404,4.217791557312012,0.006868172930600694
30,1.0732421875,-3.6906132861557386,4.239626407623291,0.01296053524503023
31,1.067626953125,-3.6885524819644244,4.261366367340088,0.021262457427125667
32,1.073974609375,-3.697273496995848,4.28325629234314,0.01645671846751017
33,1.07763671875,-3.693101064446823,4.305164098739624,0.022195508568671297
34,1.06591796875,-3.691039807309384,4.326908111572266,0.02833952188752393
35,1.06689453125,-3.6868661666605376,4.3487629890441895,0.033196846923400844
36,1.067626953125,-3.6684270097926155,4.371351718902588,0.04680182972050903
37,1.071533203125,-3.6687543952805894,4.395991563796997,0.05176723653933553
38,1.071533203125,-3.6687543952805894,4.420485496520996,0.05343296045138678
39,1.06982421875,-3.6578678021109887,4.445067405700684,0.060814129186778386
40,1.07470703125,-3.665032936566229,4.469508171081543,0.05440148309475897
41,1.06396484375,-3.6629723229127524,4.4943461418151855,0.06548249833470032
42,1.072509765625,-3.6503650778607097,4.518978118896484,0.07448050075869932
43,1.071533203125,-3.645588359051378,4.5435569286346436,0.07206199803307992
44,1.066162109375,-3.6349777326552246,4.568052768707275,0.08640843546247817
45,1.0732421875,-3.639979432631537,4.592547655105591,0.08394661725945986
46,1.071533203125,-3.6369255167414227,4.617916584014893,0.08763002638737902
47,1.088623046875,-3.6436499423714883,4.642861366271973,0.0859466252211225
48,1.069580078125,-3.641261642011206,4.667474269866943,0.09060981298410149
49,1.060302734375,-3.6409211434725295,4.69194221496582,0.09730192730095925
50,1.0673828125,-3.64658832936669,4.716593027114868,0.09804497068577303
51,1.0712890625,-3.64714091204116,4.7410829067230225,0.09053871937405643
52,1.076171875,-3.6476422159769446,4.765683650970459,0.0963901709700393
53,1.068359375,-3.637259550682808,4.790195465087891,0.1013741026408572
54,1.06884765625,-3.632759083629304,4.814709424972534,0.10533547332100648
55,1.072998046875,-3.6299300564381984,4.8392333984375,0.10355286398429903
56,1.072021484375,-3.6384284561098723,4.863725185394287,0.09897194901261037
57,1.071533203125,-3.6305955609100358,4.8882269859313965,0.10683134590491417
58,1.079345703125,-3.6312610986487797,4.912717819213867,0.10154424673649916
59,1.06591796875,-3.618602860481851,4.937396764755249,0.11051051112287492
60,1.068359375,-3.614051487718835,4.9618916511535645,0.1117030364182393
61,1.0712890625,-3.6162146709301686,4.986434459686279,0.1106695115090293
62,1.090576171875,-3.6114377288817714,5.010773420333862,0.10541200410937848
63,1.0703125,-3.6042723668587415,5.035367250442505,0.11171461612003797
64,1.07861328125,-3.607666888929228,5.059885263442993,0.10687079013160942
65,1.066162109375,-3.606284620798606,5.084525108337402,0.10109850633618583
66,1.058837890625,-3.5991194889407425,5.10905385017395,0.10512110694268348
67,1.079833984375,-3.597737220810121,5.133528709411621,0.10521798063110939
68,1.068359375,-3.5956894099900802,5.158085584640503,0.10711296512460233
69,1.071044921875,-3.5881970461442387,5.1825785636901855,0.12253177948258774
70,1.080810546875,-3.594972679523355,5.207188367843628,0.11612292325484752
71,1.073486328125,-3.59158878261703,5.2316813468933105,0.11404340495625866
72,1.093505859375,-3.5919274082874146,5.256257057189941,0.10904035347885722
73,1.0732421875,-3.5970424096899207,5.280768871307373,0.10019271618398609
74,1.08642578125,-3.5884950089021954,5.305382966995239,0.10392066354752152
75,1.072021484375,-3.585441054651716,5.3299877643585205,0.10739579338674225
76,1.070556640625,-3.583052713993755,5.354565620422363,0.10641293795419905
77,1.073486328125,-3.567063623005855,5.379178524017334,0.11828629510046128
78,1.076171875,-3.569790131902674,5.403525352478027,0.1126330277401734
79,1.073486328125,-3.5790169379602372,5.428089141845703,0.11123302436997422
80,1.07568359375,-3.5619705573050116,5.452624082565308,0.11698879325683327
81,1.074951171875,-3.5568663395215196,5.477244853973389,0.118376993062583
82,1.066162109375,-3.5456411862767614,5.501629829406738,0.11408684726345779
83,1.0751953125,-3.538540328741216,5.5277557373046875,0.11671637413521888
84,1.0751953125,-3.546432996786969,5.552353620529175,0.11161854895197607
85,1.06884765625,-3.5495517147724014,5.576939344406128,0.10738447652773107
86,1.08056640625,-3.5618321168436307,5.601319313049316,0.09717158596250902
87,1.066162109375,-3.564558608886535,5.6259191036224365,0.09891128809349735
88,1.077880859375,-3.5607880804759002,5.650453090667725,0.09957013440865338
89,1.06640625,-3.559733157812486,5.675045013427734,0.0909581196121207
90,1.069580078125,-3.5662324182734073,5.699542760848999,0.08547167151060538
91,1.067138671875,-3.5652905173134766,5.724162578582764,0.08452941250586239
92,1.072021484375,-3.5659560590705843,5.748675584793091,0.09071695570011355
93,1.06201171875,-3.568344437221955,5.773162364959717,0.08591709573601336
94,1.076416015625,-3.5745059783200848,5.797726154327393,0.08015651379310382
95,1.071533203125,-3.564287004692074,5.822064161300659,0.08397162217785922
96,1.08984375,-3.574894753885261,5.846673011779785,0.06318240214722355
97,1.076171875,-3.5729468930817183,5.871152877807617,0.0647300145650871
98,1.074462890625,-3.5876040475500846,5.8957366943359375,0.05479315600105214
99,1.07470703125,-3.589664661203561,5.92009162902832,0.046001859859241385
100,1.074951171875,-3.588999124330644,5.944661617279053,0.05133937070489538
101,1.07177734375,-3.58805733605444,5.969186305999756,0.050596694068151406
102,1.07470703125,-3.5917767536109775,5.993683338165283,0.03953576608290885
103,1.071533203125,-3.598941888066218,6.018243074417114,0.031434331045607104
104,1.0673828125,-3.611108481796506,6.042799949645996,0.01595756678380793
105,1.0615234375,-3.615885277325235,6.0674147605896,0.016126430073335214
106,1.07470703125,-3.61349697415976,6.09191370010376,0.015744860321486077
107,1.067626953125,-3.614830274064393,6.116623640060425,0.019338433545197146
108,1.07275390625,-3.59983390497729,6.141172409057617,0.02790253710286895
109,1.0732421875,-3.59983390497729,6.16587233543396,0.02767060198851111
110,1.06787109375,-3.5933341983744524,6.1904332637786865,0.035912844959753144
111,1.07958984375,-3.584671308560282,6.214951992034912,0.04217752783469418
112,1.07470703125,-3.5990016847663946,6.239541053771973,0.032803908458971326
113,1.0654296875,-3.6116093064901396,6.26406192779541,0.017174962706599843
114,1.0869140625,-3.609220928338769,6.288682699203491,0.015731941166736086
115,1.07275390625,-3.6098864660775125,6.313209533691406,0.013357062764085041
116,1.0859375,-3.612049936591786,6.33783745765686,0.01767612170202384
117,1.081787109375,-3.6096615584404157,6.3623902797698975,0.013969264751547038
118,1.08349609375,-3.622934149440764,6.387044191360474,0.005449574365806381
119,1.0537109375,-3.624933142667464,6.411448955535889,-0.0044641998088825715
120,1.07421875,-3.630766866255468,6.435991048812866,-0.01152273097632824
121,1.065673828125,-3.6297120588754064,6.460585832595825,-0.009338953800798041
122,1.073974609375,-3.639265796452532,6.485123634338379,-0.019099204386660847
123,1.085693359375,-3.627764656022578,6.509528636932373,-0.01610064367518164
124,1.06787109375,-3.63392371795048,6.534206390380859,-0.0179528002322051
125,1.0810546875,-3.645865421245415,6.558782339096069,-0.026986284605290668
126,1.068359375,-3.6475882227433387,6.583580255508423,-0.03301270650490377
127,1.068115234375,-3.659192247091609,6.608211040496826,-0.04180596983588398
128,1.076171875,-3.65951974606577,6.632675886154175,-0.04341892053849157
129,1.076416015625,-3.6577969065189695,6.657348871231079,-0.047353445041077656
130,1.076904296875,-3.6673506406330953,6.6818835735321045,-0.04925468267868119
131,1.068603515625,-3.6680161792376658,6.706505537033081,-0.05200781791841708
132,1.070556640625,-3.676853030182571,6.73100733757019,-0.057789191451270025
133,1.095703125,-3.6867340335333223,6.755646228790283,-0.06099515561771231
134,1.071533203125,-3.69450307154335,6.780192136764526,-0.07205793656336264
135,1.087646484375,-3.6955579942067645,6.804769039154053,-0.07484199678718058
136,1.06884765625,-3.692163618513951,6.82936692237854,-0.07416166120942437
137,1.09033203125,-3.691160027754218,6.8540027141571045,-0.08430974780731255
138,1.06591796875,-3.6949305561648527,6.87854266166687,-0.08500412096098951
139,1.088134765625,-3.697318934316223,6.90310263633728,-0.08036446158483722
140,1.072509765625,-3.6867084936505403,6.927686452865601,-0.08475074683716738
141,1.076171875,-3.6876503946104715,6.952090263366699,-0.08884924600574039
142,1.079345703125,-3.6965382939368734,6.976713180541992,-0.10253743217803456
143,1.091552734375,-3.6968656794248473,7.001219987869263,-0.10728997676219845
144,1.065673828125,-3.696197660784324,7.025812864303589,-0.10148946227072408
145,1.074462890625,-3.6890321888682855,7.050234794616699,-0.09448522985180172
146,1.066162109375,-3.6862549976571994,7.074735641479492,-0.08420090459517876
147,1.072265625,-3.6769263214273993,7.099284410476685,-0.07602024093263295
148,1.08447265625,-3.666656460546015,7.123798370361328,-0.07159935150609796
149,1.069580078125,-3.658436861750722,7.14838433265686,-0.06674229003031644
0,1.071044921875,-3.654715065604805,7.173388242721558,-0.06674229003031644
1,1.072998046875,-3.645551449250791,7.227988958358765,-0.05952345784616942
2,1.068603515625,-3.6446607549312464,7.2530786991119385,-0.05956941612521305
3,1.066162109375,-3.6396591059100034,7.275097608566284,-0.05533103284274749
4,1.06689453125,-3.630771207759583,7.297049522399902,-0.046957403113196676
5,1.06884765625,-3.633825088443203,7.318921327590942,-0.04510386957455741
6,1.07470703125,-3.631436747785242,7.340768337249756,-0.05027980300065146
7,1.07177734375,-3.632102287255537,7.362604141235352,-0.04360355368056332
8,1.066162109375,-3.650871822890283,7.384423017501831,-0.059267102270902
9,1.079345703125,-3.649200140366597,7.406540870666504,-0.048070565600346844
10,1.07080078125,-3.660138551255821,7.428401708602905,-0.05499986455462381
11,1.07177734375,-3.6676311947863702,7.450171709060669,-0.06118753556214407
12,1.077880859375,-3.652296651708129,7.472025632858276,-0.05013283382959737
13,1.069091796875,-3.65129057918079,7.493849515914917,-0.0468339844110581
14,1.08154296875,-3.654671894259873,7.515764474868774,-0.044543141459502
15,1.06982421875,-3.6597761625108682,7.537673234939575,-0.04016868981049435
16,1.069091796875,-3.6729360170905516,7.559543132781982,-0.04696322081770475
17,1.060791015625,-3.675651780729896,7.581421136856079,-0.05065685630995837
18,1.07275390625,-3.6694800472650932,7.6033430099487305,-0.04506533688878267
19,1.071533203125,-3.6769726938061926,7.625310897827148,-0.06093122659881229
20,1.07958984375,-3.6710771871357246,7.647136688232422,-0.056429284507218694
21,1.070068359375,-3.6757922459161883,7.66899561882019,-0.064434951708921
22,1.068359375,-3.6811728705678814,7.690763473510742,-0.07444327479888962
23,1.067138671875,-3.691278607267586,7.712499380111694,-0.07247890948588391
24,1.072021484375,-3.6885007852903926,7.73433518409729,-0.06178936226397003
25,1.067626953125,-3.6812738349379415,7.756246089935303,-0.057908914801486695
26,1.081298828125,-3.68187756115142,7.778141975402832,-0.05791620650633115
27,1.052734375,-3.6787077621109945,7.800004959106445,-0.05403569015164675
28,1.080078125,-3.683761039838042,7.821843862533569,-0.05951342182064652
29,1.07177734375,-3.6901989381653055,7.8436737060546875,-0.055456027059689904
30,1.062255859375,-3.684694109943953,7.8656535148620605,-0.049916705708043956
31,1.061279296875,-3.694186066849922,7.887483596801758,-0.05320184067364069
32,1.07275390625,-3.690012677049763,7.90932035446167,-0.05073133722420567
33,1.07958984375,-3.6820660804724863,7.931140184402466,-0.03817234995664159
34,1.077880859375,-3.666680288557263,7.953726053237915,-0.03467315657824303
35,1.079833984375,-3.6590626249996494,7.978307008743286,-0.02534848061242199
36,1.073974609375,-3.6515077089824244,8.002838850021362,-0.012117249930531397
37,1.074951171875,-3.648061868364708,8.0274658203125,-0.00862733230124933
38,1.0791015625,-3.6367880353860924,8.05196475982666,0.006894252786284802
39,1.078369140625,-3.6336695041525746,8.076801538467407,0.009210044985231236
40,1.0537109375,-3.6411621496891144,8.101301431655884,0.0029492023139754157
41,1.068359375,-3.6336074605811035,8.125895261764526,0.014558785777558026
42,1.071044921875,-3.633543293544773,8.150388240814209,0.015052954027025242
43,1.0703125,-3.6365972982629047,8.174925088882446,0.018989541221911994
44,1.071533203125,-3.6290423822456797,8.199488878250122,0.03079947331466583
45,1.080078125,-3.6395890941124263,8.225369691848755,0.029282801399171488
46,1.07421875,-3.6351398512094075,8.249793767929077,0.03303429489352975
47,1.07373046875,-3.6406335255143034,8.274471521377563,0.027024109999697607
48,1.07373046875,-3.6379068816235995,8.29888129234314,0.028206874452438628
49,1.074462890625,-3.643011099407092,8.328014373779297,0.027847626033343533
50,1.07275390625,-3.6402333005680627,8.352654218673706,0.031347339697458794
51,1.079833984375,-3.6465680589162885,8.377304077148438,0.01987080126133902
52,1.07666015625,-3.6444048757049545,8.401805877685547,0.021985520841588037
53,1.061279296875,-3.642241390270957,8.42639684677124,0.029467842722335207
54,1.0693359375,-3.639187397659188,8.450899600982666,0.031767804545095764
55,1.06982421875,-3.6310160835872,8.475613594055176,0.03682567163190683
56,1.0703125,-3.62623928978992,8.500098466873169,0.03518714589979129
57,1.067138671875,-3.6303505441169053,8.52466630935669,0.030508916929275428
58,1.073486328125,-3.6265773775692622,8.550167083740234,0.026641532861679564
59,1.074462890625,-3.6258606453127635,8.574774026870728,0.020144665352403134
60,1.0751953125,-3.617310686699392,8.599296808242798,0.020383546979903567
61,1.0869140625,-3.608813991523886,8.623808860778809,0.02336360964965584
62,1.078857421875,-3.614256719482587,8.648382663726807,0.01908052118870077
63,1.063232421875,-3.605370693104171,8.6728355884552,0.021351200384401792
64,1.0791015625,-3.605043293915203,8.697448492050171,0.014824893738643473
65,1.0703125,-3.5944966941281837,8.721946239471436,0.024327217225931466
66,1.07568359375,-3.5829464551223538,8.746596097946167,0.030314734791141783
67,1.069580078125,-3.5829464551223538,8.771062135696411,0.03082272270458113
68,1.067138671875,-3.5747882623025777,8.79565691947937,0.050688509240446544
69,1.080078125,-3.5686803647938796,8.820188760757446,0.05357847039898272
70,1.073974609375,-3.5677385571166105,8.844756603240967,0.06255681304350316
71,1.06787109375,-3.5657393379682687,8.869288444519043,0.06965127532571139
72,1.079345703125,-3.5511319072590117,8.893659353256226,0.06794620979542917
73,1.06689453125,-3.553192847862178,8.91824221611023,0.06578060833158843
74,1.07080078125,-3.557304241340871,8.942755222320557,0.06555676862832377
75,1.0712890625,-3.5573662821956673,8.967901945114136,0.06939862300891557
76,1.0810546875,-3.5444797658920493,8.992281913757324,0.08823701548905345
77,1.07373046875,-3.5422047560908436,9.016863822937012,0.09184835350618374
78,1.0673828125,-3.5269318804838807,9.04136061668396,0.09754720588598435
79,1.076904296875,-3.524932661335539,9.065959453582764,0.10458629922692043
80,1.072998046875,-3.523988978404121,9.090344429016113,0.10072934646082178
81,1.06640625,-3.518270147816097,9.114854335784912,0.10821320162227002
82,1.071044921875,-3.5183835518626636,9.139433145523071,0.11225600551171913
83,1.060791015625,-3.516108542061458,9.164014101028442,0.12154741483989924
84,1.078369140625,-3.514499289795682,9.188534021377563,0.12052102003115135
85,1.0732421875,-3.514562212465869,9.213012933731079,0.11498095392969149
86,1.065673828125,-3.521727797280184,9.237600803375244,0.11058336972386486
87,1.078857421875,-3.5166236445239183,9.261970520019531,0.1116577329806525
88,1.072021484375,-3.522066144900585,9.286630392074585,0.1118358346785943
89,1.0703125,-3.5275730167920636,9.31116533279419,0.1130102101696484
90,1.062255859375,-3.511910847554814,9.335780143737793,0.11944089570164212
91,1.072998046875,-3.5184107693045013,9.360360145568848,0.12228041963905704
92,1.0703125,-3.5061923685575507,9.384860038757324,0.12740699895777227
93,1.061279296875,-3.5041932464820666,9.409549951553345,0.12268662702741785
94,1.05908203125,-3.505250703621522,9.43412971496582,0.11061604952622897
95,1.081787109375,-3.504923417921294,9.45866870880127,0.10567332181345955
96,1.06982421875,-3.501203820249037,9.483169555664062,0.1030708449736935
97,1.078369140625,-3.4980986357166857,9.507704257965088,0.10284820398863712
98,1.079345703125,-3.488658528454004,9.533564329147339,0.10126269253580333
99,1.060302734375,-3.480159715407855,9.558118104934692,0.10493885215253723
100,1.073486328125,-3.4815443089902955,9.582676887512207,0.10909626623968789
101,1.067626953125,-3.481871580989706,9.607305765151978,0.10375516011939342
102,1.074951171875,-3.479810474837746,9.631829738616943,0.10511223895145648
103,1.068115234375,-3.483581160412312,9.656407594680786,0.10462970652396872
104,1.07373046875,-3.492128675481688,9.680936574935913,0.09369588802335119
105,1.071533203125,-3.488684842838152,9.7056303024292,0.10281209919359563
106,1.071533203125,-3.485290174381272,9.73014521598816,0.10208388806579564
107,1.0771484375,-3.493448358661115,9.754747152328491,0.1002673724369262
108,1.0712890625,-3.4913872670757997,9.779304027557373,0.0998045120485397
109,1.0732421875,-3.4964914583304965,9.803797006607056,0.09925133608188462
110,1.07958984375,-3.509149884891552,9.828956842422485,0.0889870619444962
111,1.077392578125,-3.524811827419189,9.853485584259033,0.08262832439796633
112,1.064453125,-3.5337001669943846,9.878072500228882,0.07513176446536693
113,1.081298828125,-3.5401978170194646,9.902551412582397,0.06924147223441049
114,1.070068359375,-3.5337493058666936,9.927157402038574,0.07153200630359932
115,1.067138671875,-3.538526099663973,9.9516441822052,0.06277014703694911
116,1.081298828125,-3.534414632614022,9.976237058639526,0.06230497347952096
117,1.06494140625,-3.533081138903334,10.000701904296875,0.06600246410530188
118,1.072998046875,-3.537192393230319,10.025092840194702,0.060727139648458064
119,1.061767578125,-3.5419691907671704,10.04961371421814,0.05699492980903057
120,1.069580078125,-3.5327536570572717,10.074214458465576,0.05742743234137826
121,1.07763671875,-3.537530452862617,10.098721504211426,0.04840162292179318
122,1.081298828125,-3.537530452862617,10.123087406158447,0.052093039054533184
123,1.07080078125,-3.529699781534459,10.147650241851807,0.051349845855153786
124,1.070556640625,-3.5164239533101216,10.172047138214111,0.06019748925804407
125,1.068603515625,-3.5188122939680824,10.196632862091064,0.051403215311674244
126,1.0732421875,-3.5269839044089277,10.221077919006348,0.03802226526758868
127,1.07421875,-3.532428713250559,10.245823621749878,0.03435509060830717
128,1.078857421875,-3.527324661430651,10.270371675491333,0.03229203469266598
129,1.075927734375,-3.5204975674715446,10.294919490814209,0.032777630694855626
130,1.067138671875,-3.524557701338771,10.319488286972046,0.029384452567985112
131,1.0693359375,-3.5143359523134667,10.344081163406372,0.03495351497985267
132,1.076416015625,-3.5160075982749244,10.368597030639648,0.023827413320061195
133,1.080078125,-3.522117959977532,10.393095016479492,0.02106763753294051
134,1.075439453125,-3.5292832015221816,10.418315887451172,0.019128025091786714
135,1.07275390625,-3.5426101021839504,10.44265079498291,0.01004172066573317
136,1.080078125,-3.5395560591042785,10.46727967262268,0.0032989320038451686
137,1.0712890625,-3.5450496574844017,10.491768598556519,-0.0019823685974188054
138,1.0693359375,-3.539607157107735,10.516242504119873,-0.008667111006180126
139,1.06298828125,-3.5409894234402195,10.540684223175049,-0.010964218974374487
140,1.07666015625,-3.5478278676449753,10.566148042678833,-0.016085130306083963
141,1.07080078125,-3.5526046634503206,10.590656995773315,-0.023222252697404622
142,1.06591796875,-3.5628264124756255,10.615157842636108,-0.03009868486582875
143,1.070068359375,-3.5580496222745173,10.639488697052002,-0.028369106142681965
144,1.07958984375,-3.564157749949376,10.664056777954102,-0.0336066206016012
145,1.071533203125,-3.5658805894961767,10.688626527786255,-0.034732451750066604
146,1.068115234375,-3.572377857231167,10.713160514831543,-0.034289111524721715
147,1.073974609375,-3.5833162681203907,10.737650394439697,-0.045224058000043546
148,1.0458984375,-3.5899781910524236,10.762012243270874,-0.046103299620029604
149,1.076171875,-3.599808102959242,10.786722183227539,-0.04899266412433808
0,1.074462890625,-3.603917031834409,10.811722040176392,-0.04899266412433808
1,1.079833984375,-3.606305523474343,10.866669654846191,-0.06032198040860815
2,1.07958984375,-3.613808809457033,10.899239540100098,-0.05975423917506039
3,1.059326171875,-3.610703663352762,10.924072504043579,-0.06598209098144868
4,1.07861328125,-3.6123752727530185,10.948650360107422,-0.0684651244378918
5,1.064208984375,-3.62465595634146,10.970576286315918,-0.07708307917790129
6,1.074462890625,-3.638986326953505,10.99241018295288,-0.08824430070006896
7,1.077392578125,-3.6356047864970975,11.014189958572388,-0.08818687556508749
8,1.07666015625,-3.63255070505486,11.036137819290161,-0.08797706374497881
9,1.0830078125,-3.628831107382603,11.058007717132568,-0.09122651807260636
10,1.069580078125,-3.618888381301961,11.079879760742188,-0.0894189270417187
11,1.080810546875,-3.614111587228224,11.10171365737915,-0.08483296751311392
12,1.075439453125,-3.6093347147029795,11.123610496520996,-0.08097560650393287
13,1.081298828125,-3.616776176336468,11.14557933807373,-0.08802181546332824
14,1.0703125,-3.6242176358306453,11.16745114326477,-0.09113536035408128
15,1.07666015625,-3.623487632002368,11.189293146133423,-0.08477056042580929
16,1.055419921875,-3.631318657497283,11.211127042770386,-0.09307265223695957
17,1.075439453125,-3.640093883079166,11.233033895492554,-0.10205671048453542
18,1.06298828125,-3.648917613914291,11.254841804504395,-0.10327344543735016
19,1.066162109375,-3.640971017337014,11.276704788208008,-0.09861442373516789
20,1.068115234375,-3.652851323056231,11.298552513122559,-0.10420415121808789
21,1.075439453125,-3.641184966470513,11.326725482940674,-0.08891718615517506
22,1.072998046875,-3.659903780960173,11.348589420318604,-0.09254445797893993
23,1.058349609375,-3.675503709181507,11.370447158813477,-0.09841438905966873
24,1.052734375,-3.688666417483656,11.392476081848145,-0.10394906740093018
25,1.061767578125,-3.684717778566626,11.414305925369263,-0.1053022038913574
26,1.0751953125,-3.6890408118094546,11.436327934265137,-0.10532268207150593
27,1.07275390625,-3.6821512345557004,11.458223819732666,-0.10286484096642688
28,2.086181640625,-3.701470794155429,11.48010778427124,-0.11848691774184565
29,1.88623046875,-3.7034073664404326,11.501940727233887,-0.11715596620873091
30,1.323974609375,-3.699233372553861,11.52379846572876,-0.11072651303753323
31,1.21923828125,-3.7086739268714366,11.54584550857544,-0.12410658533197773
32,1.444580078125,-3.7140545773682407,11.567734241485596,-0.1249549698066644
33,1.144287109375,-3.7119422644841165,11.589582204818726,-0.12334359696615711
34,1.1064453125,-3.7179399678180016,11.611340999603271,-0.13325104056995415
35,1.498779296875,-3.707994167394812,11.633205890655518,-0.13473912667369176
36,1.54150390625,-3.707604626627716,11.656897783279419,-0.13284603771261766
37,1.7265625,-3.7119921250565358,11.681453704833984,-0.13025252045926
38,1.00341796875,-3.713323231954509,11.706023693084717,-0.1274882813138185
39,1.117919921875,-3.7098800104520375,11.73054552078247,-0.128613385987192
40,1.33447265625,-3.71659158839274,11.754921436309814,-0.13783756201522968
41,1.945068359375,-3.714479577606967,11.779502391815186,-0.13365128994153183
42,1.92919921875,-3.71436394592728,11.804044246673584,-0.14050007328656072
43,1.7001953125,-3.709862769458608,11.828598022460938,-0.13630831657049738
44,1.75537109375,-3.7118619269793105,11.853030920028687,-0.1335149722984168
45,1.6494140625,-3.7076882058310594,11.877622842788696,-0.1259513243940183
46,1.76318359375,-3.7055760849207644,11.902086734771729,-0.11538496307611167
47,1.4462890625,-3.6847445371697303,11.926701545715332,-0.10334664935652688
48,1.405517578125,-3.68513419236353,11.951180458068848,-0.09987311754872445
49,1.40869140625,-3.677692731800253,11.975781440734863,-0.098538007726565
50,1.300537109375,-3.669472261746031,12.00028133392334,-0.09200326744055548
51,1.3203125,-3.666026345024539,12.024777173995972,-0.0851827863096934
52,1.499267578125,-3.653356193647431,12.04924201965332,-0.0733029166621247
53,1.191650390625,-3.6502394764280384,12.073588848114014,-0.06421603167988149
54,1.245849609375,-3.6497883186070936,12.098102807998657,-0.06718140382348367
55,1.410888671875,-3.644949362625632,12.122570753097534,-0.05974161011085475
56,1.210693359375,-3.6448366425032948,12.147148609161377,-0.05849650009786776
57,1.3837890625,-3.634163165246487,12.17150330543518,-0.046778524694130304
58,1.346923828125,-3.6351046464341294,12.196075201034546,-0.039972943276857
59,1.350341796875,-3.630603335632297,12.220620155334473,-0.03235881540264314
60,1.266357421875,-3.6302138110282853,12.245131969451904,-0.02546375953578256
61,1.150146484375,-3.619212437046428,12.269575834274292,-0.017238169485301873
62,1.121337890625,-3.6153768841370346,12.294136762619019,-0.010795839864187546
63,1.124267578125,-3.6010458321871024,12.31864070892334,-0.0031324166620716946
64,1.125732421875,-3.596544756765391,12.343130588531494,0.0010643518217774127
65,1.283447265625,-3.588323641548099,12.367698431015015,0.015976482581574226
66,1.1943359375,-3.5651029782668426,12.39222240447998,0.04269634236574603
67,1.30712890625,-3.543329734080767,12.416808128356934,0.05486875231354271
68,1.263916015625,-3.5183885060824163,12.441334009170532,0.06949847544939969
69,1.216552734375,-3.5085581264286794,12.466020107269287,0.07330075522425762
70,1.2587890625,-3.490504497455667,12.490534782409668,0.07799834921846886
71,1.253173828125,-3.490228583315109,12.51491379737854,0.07454066377529307
72,1.1435546875,-3.476562853734761,12.539586782455444,0.08013600825350134
73,1.104248046875,-3.4537342731313228,12.564204454421997,0.10123689009985203
74,1.28564453125,-3.4408472149797804,12.588754415512085,0.11565626698619251
75,1.2861328125,-3.432790823127154,12.613290309906006,0.12057175435016279
76,1.13525390625,-3.413405684874667,12.637890100479126,0.13968315649341229
77,1.3037109375,-3.413405684874667,12.662405014038086,0.14635932132424861
78,1.322021484375,-3.398408385075616,12.687011003494263,0.16326114531020652
79,1.297119140625,-3.387519970674824,12.711522817611694,0.16460678243151639
80,1.149658203125,-3.386854402761957,12.736105680465698,0.1741209853050895
81,1.2822265625,-3.3725222142557674,12.760472536087036,0.17702242267096258
82,1.263427734375,-3.343582367715034,12.785030603408813,0.2109320135480163
83,1.207275390625,-3.3364164396207987,12.809508323669434,0.22770627756052889
84,1.265625,-3.318086576233274,12.834177255630493,0.2500488393321513
85,1.41015625,-3.311588226190692,12.858742237091064,0.2514430816869085
86,1.416748046875,-3.3070866393096856,12.883254051208496,0.2577756618380404
87,1.34765625,-3.300197095002413,12.907797813415527,0.257209875293971
88,1.43896484375,-3.2891951206291496,12.932311773300171,0.27940358422118106
89,1.510986328125,-3.2781934305381295,12.956916809082031,0.28833410416792304
90,1.424560546875,-3.2556390021103905,12.981426477432251,0.3004885030566213
91,1.412109375,-3.2398084125607154,13.00588345527649,0.3184132301400918
92,1.442626953125,-3.226758208876009,13.030393362045288,0.331384302605862
93,1.471435546875,-3.2185364102519416,13.054870128631592,0.335371299001938
94,1.5322265625,-3.190094766509523,13.079442024230957,0.35925682854433
95,1.532470703125,-3.182928613410195,13.103792905807495,0.3565803592668082
96,1.5458984375,-3.1675414603770586,13.128353834152222,0.36674781128603207
97,1.470947265625,-3.164370177667855,13.152831792831421,0.37188498477212606
98,1.415771484375,-3.1462011740974147,13.177444696426392,0.3850910898411372
99,1.3779296875,-3.1319789023085525,13.201870441436768,0.39245527442691847
100,1.39892578125,-3.130090424478545,13.226478338241577,0.39832326112771005
101,1.38916015625,-3.118422599013654,13.250965356826782,0.40483275496671567
102,1.37255859375,-3.104979171537964,13.27558422088623,0.4138552623458824
103,1.373046875,-3.0939247629321924,13.300111055374146,0.41831172206250045
104,1.4794921875,-3.0789245150024245,13.324652910232544,0.42986227565897744
105,1.513427734375,-3.061812823923217,13.349241971969604,0.4386320663622598
106,1.560546875,-3.033147996828419,13.373747825622559,0.45668835320355167
107,1.517333984375,-3.0170917630888128,13.3984215259552,0.45342904463081546
108,1.511474609375,-2.998646850017002,13.422764539718628,0.4663228227085909
109,1.51171875,-2.9860355484882293,13.447391510009766,0.46981626912360025
110,1.525634765625,-2.9666502376874178,13.471919298171997,0.4773964342873411
111,1.4482421875,-2.9633203295401516,13.496589183807373,0.47730151952430017
112,1.400390625,-2.9465987805864016,13.520952939987183,0.4801087980850188
113,1.31494140625,-2.942489032946175,13.54564094543457,0.48074969989178507
114,1.24951171875,-2.922047409454941,13.57017993927002,0.4943267337048122
115,1.153076171875,-2.9142154576738126,13.594690799713135,0.49635611204297025
116,1.17724609375,-2.915548365869843,13.61914849281311,0.4953713658423847
117,1.243896484375,-2.9056027036029333,13.643657445907593,0.494830462661185
118,1.259033203125,-2.9086571043233844,13.668168306350708,0.49339214914154855
119,1.32958984375,-2.896988357387152,13.692559242248535,0.4983090587620582
120,1.36181640625,-2.8948750017925717,13.717120170593262,0.4994782942224339
121,1.379638671875,-2.879094940087142,13.741596937179565,0.5027221048462314
122,1.4580078125,-2.8654278685981525,13.766093969345093,0.5094178117984751
123,1.521240234375,-2.8591509346253883,13.790612697601318,0.5039371284417972
124,1.5341796875,-2.857037744847162,13.815171718597412,0.5023079963422427
125,1.527587890625,-2.8514266215944586,13.839705467224121,0.5005426843990689
126,1.551513671875,-2.855148437802502,13.86427354812622,0.4822369248692636
127,1.564208984375,-2.83298186042957,13.888943433761597,0.4824523015591207
128,1.53857421875,-2.822761045817474,13.913457155227661,0.47245242717595104
129,1.544921875,-2.828871908460185,13.937961101531982,0.46165912713295437
130,1.53857421875,-2.82237121336365,13.962486028671265,0.45380284563733164
131,1.518310546875,-2.818651238979726,13.987116813659668,0.4561313752869048
132,1.52099609375,-2.8304293486916636,14.011524677276611,0.438857573862439
133,1.5009765625,-2.824594221818067,14.036099672317505,0.42735951908148395
134,1.50341796875,-2.8168712648383893,14.060624599456787,0.4238590261457249
135,1.467529296875,-2.8129833122263843,14.085193395614624,0.4210239648553598
136,1.435791015625,-2.804042147235057,14.109729290008545,0.4139638175205704
137,1.40673828125,-2.796434752742976,14.13439416885376,0.4191043215140026
138,1.408203125,-2.7833827316688065,14.158996105194092,0.41778815928713464
139,1.43310546875,-2.772327754631072,14.183518886566162,0.41789805088868104
140,1.410400390625,-2.775772598373733,14.208042860031128,0.4151056694783247
141,1.4267578125,-2.7653272931697135,14.232548713684082,0.4124065594739689
142,1.443603515625,-2.759267619080223,14.257108688354492,0.39687829962157134
143,1.44580078125,-2.7483792483879075,14.281660556793213,0.3993904882556795
144,1.496337890625,-2.755988005044671,14.306278467178345,0.3818553489631301
145,1.55517578125,-2.7532090365742787,14.330871343612671,0.37932971188902553
146,1.60302734375,-2.744709603032459,14.357173204421997,0.381654709082649
147,1.632080078125,-2.7529338549587306,14.381760120391846,0.3714013493233553
148,1.614990234375,-2.7530493110296868,14.406378030776978,0.36384310973468154
149,1.556884765625,-2.74777244658385,14.430983781814575,0.35996519148574
0,1.510986328125,-2.7394407230856035,14.456105709075928,0.35996519148574
1,1.460693359375,-2.728944555686551,14.495326519012451,0.34908838371346534
2,1.44873046875,-2.737610508529234,14.522352457046509,0.3329561117013878
3,1.439697265625,-2.742829792238609,14.549788236618042,0.3209114039045375
4,1.47900390625,-2.7414986535054577,14.57157826423645,0.3163311905850113
5,1.511962890625,-2.7412234836267726,14.593530178070068,0.29724866331071786
6,1.5078125,-2.754891003440453,14.615684986114502,0.2820620451953912
7,1.51611328125,-2.75900327797619,14.637749910354614,0.268514367973941
8,1.51513671875,-2.765504419362039,14.659589767456055,0.26139386927015174
9,1.525634765625,-2.7698917666500598,14.681488752365112,0.24575162006795534
10,1.531005859375,-2.7793322203283206,14.703425645828247,0.22887476009373084
11,1.50830078125,-2.7785521766782044,14.725372552871704,0.22818808589322911
12,1.508056640625,-2.782272224097467,14.747218370437622,0.21740847379058278
13,1.517333984375,-2.7766608764175036,14.769089221954346,0.21258356302037323
14,1.50048828125,-2.787771801146133,14.790959119796753,0.19660434328731746
15,1.49462890625,-2.792381583868666,14.812815189361572,0.18290223833270944
16,1.479736328125,-2.7922150998450905,14.834671974182129,0.17143074518694237
17,1.46337890625,-2.80332601856122,14.856567859649658,0.14347813363013942
18,1.476318359375,-2.802494420207017,14.878436803817749,0.13326619388855412
19,1.47900390625,-2.804716680164234,14.900319814682007,0.1189451850998265
20,1.496826171875,-2.8093285317995638,14.922165632247925,0.10689181454859427
21,1.468017578125,-2.8054398549931197,14.94401741027832,0.09668541846230715
22,1.466552734375,-2.8165529026747715,14.965933322906494,0.08598449650604725
23,1.463623046875,-2.821606188752688,14.98781418800354,0.07069659149448151
24,1.443115234375,-2.830996072514357,15.009573221206665,0.0607298090106356
25,1.357177734375,-2.8295478374761354,15.03143310546875,0.04795022005658777
26,1.208740234375,-2.830047410354889,15.053375959396362,0.04224527246493704
27,1.054443359375,-2.852990193834429,15.07535696029663,0.025757661600713265
28,0.878662109375,-2.8544812120013305,15.097201824188232,0.017856795449541277
29,0.86962890625,-2.8478140490103225,15.119080781936646,0.02501252275399555
30,0.71728515625,-2.8455853933379376,15.14092755317688,0.018739322662450507
31,0.51953125,-2.8549097227582796,15.162803411483765,0.010201259944516209
32,0.3642578125,-2.8561774348857307,15.1846764087677,-0.0015096296934159535
33,0.46142578125,-2.8570036039132716,15.206544399261475,-0.01143774749769627
34,0.552734375,-2.8644461903934046,15.228421211242676,-0.02137458142503816
35,0.504638671875,-2.867437008017337,15.250248193740845,-0.025092401917188832
36,0.52392578125,-2.8683778546035312,15.272871017456055,-0.029597381439412988
37,0.204345703125,-2.8628173547941573,15.297562837600708,-0.023319282586663884
38,0.525634765625,-2.8675955050660935,15.322073698043823,-0.04154374758480364
39,0.50732421875,-2.8740969733424744,15.346678733825684,-0.05289667811546718
40,0.690673828125,-2.8756542043326268,15.371147632598877,-0.049800985468119126
41,0.643310546875,-2.8887639794001343,15.395798444747925,-0.06308238550961168
42,0.858154296875,-2.9005426510895926,15.420932292938232,-0.07341017357442639
43,0.928466796875,-2.917035071213616,15.44556212425232,-0.07652780152730244
44,1.106201171875,-2.9247013872681276,15.470059156417847,-0.08570097483581904
45,1.533203125,-2.930369138248478,15.494663000106812,-0.09478868699433149
46,1.262451171875,-2.9417571645914844,15.519230842590332,-0.1051517106966927
47,1.320556640625,-2.949423799409449,15.54388165473938,-0.11640872802725132
48,2.029541015625,-2.9563088306916963,15.568397760391235,-0.12622984985617158
49,2.35638427734375,-2.9735302225418114,15.592830657958984,-0.14681939379950512
50,2.416015625,-2.990296944513438,15.617467403411865,-0.16567542503982227
51,1.996826171875,-3.0194000338116815,15.641977310180664,-0.18312430242926872
52,2.41796875,-3.0297313799478207,15.666617155075073,-0.19721649299448135
53,1.988525390625,-3.0466150415913766,15.6910080909729,-0.2128654953881405
54,2.198486328125,-3.0569974360618035,15.717773914337158,-0.22672185948854112
55,2.191650390625,-3.078605022520391,15.745061874389648,-0.23476789076514967
56,2.25341796875,-3.101597567900451,15.77155065536499,-0.2511180511341175
57,2.007080078125,-3.1215356242856673,15.798205614089966,-0.2689706351139065
58,2.05712890625,-3.138757606171077,15.842348337173462,-0.26989806971316077
59,1.95068359375,-3.162480266981071,15.867078304290771,-0.285807700789338
60,1.8037109375,-3.1800922176898854,15.890706300735474,-0.301805057521252
61,1.78515625,-3.200758478928032,15.914498090744019,-0.3207425116581855
62,1.610595703125,-3.226531971078655,15.93821907043457,-0.3335070804994968
63,1.427001953125,-3.2571968272377676,15.961941003799438,-0.3518811317408835
64,1.343505859375,-3.2721329837380675,15.985793828964233,-0.363335617105367
65,1.413330078125,-3.2915194677060544,16.009430646896362,-0.3772142296852569
66,1.41162109375,-3.31640175269455,16.033223628997803,-0.3843621072835743
67,1.351806640625,-3.342841758678251,16.05700945854187,-0.39978235542385493
68,1.34814453125,-3.36055701867601,16.08072829246521,-0.407269230970942
69,1.297607421875,-3.388494041784601,16.10441827774048,-0.4235847457189554
70,1.1796875,-3.3976600158931545,16.1281521320343,-0.42284895118189003
71,1.1650390625,-3.435819816028328,16.151883125305176,-0.45024157783107804
72,1.18408203125,-3.4500882051904758,16.175679922103882,-0.45739668392885496
73,1.265625,-3.474969968085467,16.19959592819214,-0.47901249390666734
74,1.280517578125,-3.4851908084074545,16.223403692245483,-0.47770016954647876
75,1.37353515625,-3.504970612914916,16.247090578079224,-0.4881024616653905
76,1.492431640625,-3.5315755307169088,16.27079749107361,-0.5069334627984453
77,1.625732421875,-3.541520630228591,16.29447650909424,-0.505476013750528
78,1.651611328125,-3.5681378909600325,16.31822919845581,-0.5247864525340896
79,1.677490234375,-3.5807999986688337,16.341961145401,-0.53198637093897
80,1.69287109375,-3.599912315984775,16.36575412750244,-0.5418558087708389
81,1.654296875,-3.608085904174524,16.389472007751465,-0.5505653778201205
82,1.6171875,-3.624143176726122,16.413079977035522,-0.5534501539949889
83,1.573486328125,-3.6360884601522168,16.436884880065918,-0.5579643847730851
84,1.493896484375,-3.647365538964428,16.460617542266846,-0.5586915795276614
85,1.43701171875,-3.6719207889526455,16.484342575073242,-0.5770456480210678
86,1.370849609375,-3.7009147674923315,16.508018493652344,-0.5970765139048945
87,1.338134765625,-3.7230834438172775,16.53160834312439,-0.5953431757425904
88,1.295166015625,-3.7451864996511466,16.555485248565674,-0.6096340707681072
89,1.212890625,-3.761845969827347,16.579284191131592,-0.6263797091079811
90,1.184326171875,-3.774456295090796,16.60304307937622,-0.6369259670391494
91,1.133544921875,-3.789782434331848,16.626848936080933,-0.6405519448684747
92,1.159423828125,-3.7976146323752396,16.650606870651245,-0.6450804242307099
93,1.149658203125,-3.8160095423437332,16.674392700195312,-0.6573400241952015
94,1.16748046875,-3.8306701901975497,16.698217630386353,-0.6619257690728741
95,1.14208984375,-3.844613909857495,16.721925497055054,-0.6694444942260065
96,1.111328125,-3.858557740114134,16.74565839767456,-0.6785435487257787
97,1.0810546875,-3.8581678951677474,16.769347190856934,-0.6820225335897008
98,1.037109375,-3.8738328630634435,16.7930850982666,-0.6897720914288047
99,1.032958984375,-3.8771630777438584,16.817058086395264,-0.6876834590189641
100,1.080322265625,-3.861446190352848,16.840751886367798,-0.6755672161238288
101,1.11083984375,-3.8583404719354593,16.864484786987305,-0.6645225410778998
102,1.092529296875,-3.8528946713595036,16.88819169998169,-0.6528833506601217
103,0.98193359375,-3.8460664617005555,16.91194772720337,-0.636932647401562
104,1.00439453125,-3.8460664617005555,16.935818672180176,-0.6317168345888712
105,1.072021484375,-3.8378955212603496,16.95954442024231,-0.6221376403343986
106,1.04248046875,-3.817060961631341,16.983328342437744,-0.5998121858182499
107,1.02880859375,-3.812283034068717,17.00708031654358,-0.5912760425157789
108,1.0361328125,-3.8047776845803423,17.030813217163086,-0.5813247179872892
109,1.04150390625,-3.7914372657011626,17.05457305908203,-0.5602194911481707
110,1.138671875,-3.779819957175387,17.078308820724487,-0.5407194784505163
111,1.134765625,-3.766820547134373,17.102041721343994,-0.5118004951415637
112,1.06787109375,-3.7483744412006916,17.125861644744873,-0.49190562030976354
113,1.094970703125,-3.734593719900941,17.14955759048462,-0.4706760368483512
114,1.2275390625,-3.7228728276166994,17.173299551010132,-0.4559831066766675
115,1.166015625,-3.712313359270319,17.19705843925476,-0.4353784605720416
116,1.1787109375,-3.702982167143448,17.220783233642578,-0.41435645360996176
117,1.197021484375,-3.6852013858201254,17.244489192962646,-0.38938877257103033
118,1.156005859375,-3.675255506229226,17.268181085586548,-0.3758897035219914
119,1.08251953125,-3.6550363427101593,17.29191303253174,-0.34570222682147755
120,1.11474609375,-3.6525307970360945,17.315743923187256,-0.33152683646516723
121,1.099365234375,-3.635367614660534,17.339717864990234,-0.30511783898711975
122,1.082275390625,-3.624705214412906,17.36352777481079,-0.2795454913889112
123,1.045654296875,-3.6099307895510764,17.387375593185425,-0.24767534344232917
124,1.076416015625,-3.5927036489249873,17.411147356033325,-0.22516086008297356
125,1.112548828125,-3.583031076773379,17.43488645553589,-0.20470027944042404
126,1.138916015625,-3.561364990834977,17.45868420600891,-0.17209680734659286
127,1.1865234375,-3.5584706159107777,17.48245406150818,-0.15154092276065567
128,1.275146484375,-3.5436333659306403,17.506258964538574,-0.1287047352399495
129,1.343994140625,-3.541078928308293,17.52999186515808,-0.10725626149341415
130,1.328125,-3.527634716194422,17.5538969039917,-0.09144627713684604
131,1.34375,-3.5227402236937184,17.577621698379517,-0.06120764153233282
132,1.346435546875,-3.5140746542823313,17.601228713989258,-0.04509649368033629
133,1.419189453125,-3.512578214828516,17.62637948989868,-0.026765161514264692
134,1.442138671875,-3.507296062477953,17.65012240409851,-0.015902164632529383
135,1.42724609375,-3.489742417956078,17.673944234848022,0.010296588083410808
136,1.4033203125,-3.469132175574819,17.697657108306885,0.04348661132463451
137,1.384033203125,-3.462124730705282,17.72144103050232,0.05539704084705113
138,1.339111328125,-3.456123375384294,17.7451810836792,0.07828694741305282
139,1.3955078125,-3.44706709696798,17.768930912017822,0.09353472547281842
140,1.397216796875,-3.439668797818232,17.792654752731323,0.11212016252242604
141,1.308349609375,-3.431005638391659,17.81653070449829,0.12391112129165703
142,1.28662109375,-3.424665927995716,17.840287685394287,0.13969478733964774
143,1.2822265625,-3.410215649711971,17.864044427871704,0.15819577697353396
144,1.333740234375,-3.39399181305539,17.8878333568573,0.17748181534035798
145,1.34130859375,-3.386318733888527,17.91156840324402,0.2001197130566361
146,1.38671875,-3.38275810057192,17.93537211418152,0.22302308085916167
147,1.32861328125,-3.387029943455927,17.959135055541992,0.23568951043048064
148,1.322021484375,-3.3871918855742833,17.9828679561615,0.25100426101551276
149,1.35546875,-3.3904083292884466,18.00670099258423,0.2604217856539511
0,1.334228515625,-3.4035708101292412,18.030906677246094,0.2604217856539511
1,1.380615234375,-3.4023990861340807,18.085979461669922,0.26962242477531934
2,1.399658203125,-3.4029501707065135,18.11773943901062,0.28006318249151735
3,1.418212890625,-3.4013881166554927,18.139232397079468,0.286768917546546
4,1.460693359375,-3.4049431476460574,18.160426139831543,0.29686252056067647
5,1.487548828125,-3.404777465335036,18.181681156158447,0.30724825408918494
6,1.537841796875,-3.39983293324406,18.203045129776,0.3209080859069873
7,1.609130859375,-3.4020567198469416,18.224527835845947,0.3289750267474647
8,1.60546875,-3.39910934455376,18.24610185623169,0.33097769243857056
9,1.5712890625,-3.401218463372062,18.26742672920227,0.34032784961128476
10,1.661865234375,-3.4033252267798906,18.288761615753174,0.3409973154145948
11,1.70947265625,-3.4013703836766043,18.31006360054016,0.3314712284778868
12,1.651123046875,-3.4103714238421072,18.33134651184082,0.32224148416207293
13,1.61328125,-3.4074755528598275,18.35271430015564,0.3206716751356325
14,1.5,-3.4090843471830645,18.37399125099182,0.3146209635961471
15,1.469482421875,-3.404691064777284,18.395374298095703,0.3180452357812082
16,1.498779296875,-3.39090561916155,18.41666603088379,0.3230963032889169
17,1.472412109375,-3.3921246998408474,18.43798589706421,0.30754340436759
18,1.422607421875,-3.392899973026679,18.459285974502563,0.3035841235876291
19,1.49365234375,-3.391060839983913,18.48058271408081,0.2997527084475345
20,1.480712890625,-3.4018374501732676,18.50187373161316,0.28195892895155533
21,1.445556640625,-3.397219651325998,18.523199558258057,0.27741046655040247
22,1.469970703125,-3.3923265233264783,18.544559478759766,0.2720994989018885
23,1.485595703125,-3.388988853878911,18.56592345237732,0.26179667663838563
24,1.50927734375,-3.389488156517736,18.587246417999268,0.25171366479320134
25,1.5107421875,-3.388317417676165,18.608578205108643,0.2444003980392448
26,1.515380859375,-3.387534666629493,18.629923105239868,0.23760420983624533
27,1.56396484375,-3.381861968686584,18.65123200416565,0.23548592501624205
28,1.62060546875,-3.3691318269140673,18.67251205444336,0.23295532829721546
29,1.60302734375,-3.3692905079822806,18.693808794021606,0.22583446280424666
30,1.591552734375,-3.372454729406732,18.715154886245728,0.20916421213440203
31,1.6025390625,-3.3606165263623935,18.736435651779175,0.2166833447317638
32,1.614013671875,-3.356613234199342,18.757606744766235,0.20790305250933622
33,1.5283203125,-3.347214057967912,18.778886556625366,0.20780106863020245
34,1.35595703125,-3.342595454367648,18.800185441970825,0.2010896984143266
35,1.376708984375,-3.342753873346463,18.821460247039795,0.18888743919073817
36,1.30126953125,-3.3391935833021322,18.852556228637695,0.18400477867743426
37,1.2373046875,-3.3329688453610054,18.87728214263916,0.17302684137628993
38,1.2294921875,-3.3260760572158095,18.901807069778442,0.17568160339219754
39,1.344970703125,-3.3265755871001597,18.926509857177734,0.16495648569521026
40,1.4609375,-3.326850893290593,18.9510018825531,0.1629752622414233
41,1.645751953125,-3.316510921856225,18.97560167312622,0.16060737650780066
42,1.725341796875,-3.3072286401284003,19.000094652175903,0.16348528323354536
43,1.787109375,-3.298221563531996,19.02466654777527,0.1634766845722149
44,1.836181640625,-3.2896041285718316,19.049184322357178,0.16834298967076314
45,1.822509765625,-3.273153447854343,19.0737042427063,0.17581695742497475
46,1.755615234375,-3.2652029625732673,19.098275184631348,0.16892863214086926
47,1.672607421875,-3.2507003485743207,19.122843980789185,0.16428075771651443
48,1.62890625,-3.2335843884095112,19.14757490158081,0.1709050572216767
49,1.60107421875,-3.2073010273189597,19.17206597328186,0.18457817086919465
50,1.550537109375,-3.201856852938761,19.196693658828735,0.1819071604239045
51,1.509765625,-3.1871304207214637,19.221235752105713,0.1867104455769431
52,1.531005859375,-3.176126377171582,19.245826482772827,0.18812123019554908
53,1.590576171875,-3.1637888740239646,19.27032732963562,0.1920661871050682
54,1.588623046875,-3.1521176288615766,19.294747352600098,0.18989414426014475
55,1.629150390625,-3.140445744966042,19.319284200668335,0.18645575989809393
56,1.66845703125,-3.1315535717892686,19.3437762260437,0.18711881749955708
57,1.66845703125,-3.122271782690599,19.368345975875854,0.1909219828645025
58,1.69091796875,-3.117493027292428,19.392830848693848,0.1971709971899209
59,1.694580078125,-3.1048776996872682,19.417553901672363,0.20578915212089496
60,1.679443359375,-3.0933229202404693,19.442025661468506,0.21590790649054903
61,1.683349609375,-3.0837649550765835,19.46657657623291,0.22204184082229184
62,1.658935546875,-3.067704549720074,19.49103856086731,0.23327345779196323
63,1.65283203125,-3.050977979356681,19.515621423721313,0.24340243117807067
64,1.701416015625,-3.050195103594646,19.540107250213623,0.2467309688311764
65,1.73046875,-3.0440826609128466,19.566107273101807,0.25051928162797504
66,1.72998046875,-3.0440826609128466,19.59063720703125,0.24666190613883762
67,1.6923828125,-3.0362463909269026,19.61520791053772,0.2537026157224671
68,1.70947265625,-3.0318577658207513,19.639736890792847,0.25440759979481004
69,1.686279296875,-3.029468216519222,19.664289712905884,0.25767804919695125
70,1.677978515625,-3.0114087653927952,19.688867568969727,0.2715702625177055
71,1.68212890625,-3.017633503333922,19.7133846282959,0.2658092246767592
72,1.666259765625,-3.008075527777861,19.737879514694214,0.27936132875621955
73,1.668701171875,-3.004130631614284,19.76228427886963,0.2797966527870448
74,1.675537109375,-2.9954049441882495,19.787052154541016,0.28692849697328
75,1.7021484375,-2.9879611896475247,19.81159806251526,0.28855853265122117
76,1.721923828125,-2.9746821304094597,19.836200952529907,0.2867632064855955
77,1.7021484375,-2.9645733913595915,19.860710859298706,0.2945901285843844
78,1.716796875,-2.9686868715228822,19.885190963745117,0.292396196357065
79,1.73486328125,-2.9636325546664426,19.909711837768555,0.2943922886405365
80,1.73876953125,-2.955964917446266,19.93440866470337,0.30800275754311923
81,1.72509765625,-2.9544099066112643,19.958942651748657,0.30545019738197265
82,1.7177734375,-2.9391829192763823,19.983299493789673,0.31205157650448373
83,1.72314453125,-2.9334630647222166,20.007766246795654,0.3133441069503151
84,1.732421875,-2.9305232075020986,20.032288312911987,0.31573248006628574
85,1.734375,-2.921748111869125,20.0568790435791,0.32076520179587187
86,1.733642578125,-2.917359565604949,20.081244945526123,0.32315584476546194
87,1.74853515625,-2.908191918836485,20.1058509349823,0.3249285985777948
88,1.764892578125,-2.9170839368688686,20.130371809005737,0.3089144305026437
89,1.7431640625,-2.9079674825834214,20.154907703399658,0.31523121005030597
90,1.7431640625,-2.8964123977911846,20.179417610168457,0.32555920514434505
91,1.743408203125,-2.892691575016502,20.204023599624634,0.3188080321299512
92,1.731201171875,-2.893749779516595,20.228630304336548,0.31493974724863116
93,1.718017578125,-2.8930841261541578,20.253124237060547,0.30803110954096713
94,1.73876953125,-2.8941424380206406,20.27768111228943,0.30369871696017425
95,1.735107421875,-2.895200710386017,20.302192211151123,0.30310323508172854
96,1.739990234375,-2.8867008712220565,20.33589196205139,0.30539871904649674
97,1.712646484375,-2.8943111493351945,20.36055278778076,0.29605959535417614
98,1.71435546875,-2.8997558643376156,20.385323762893677,0.28771201957940484
99,1.7119140625,-2.923260015321714,20.409878730773926,0.27209562078580063
100,1.711181640625,-2.919422136958792,20.434534549713135,0.274877266847387
101,1.699951171875,-2.924201124735642,20.459073543548584,0.2646259604542813
102,1.68505859375,-2.9211441457700253,20.48341727256775,0.2604026001028089
103,1.737060546875,-2.9354808788048303,20.507907152175903,0.2445363550701656
104,1.68896484375,-2.9372046991487757,20.53241205215454,0.23750597190488884
105,1.705078125,-2.9446484526543277,20.557286977767944,0.22133666987804274
106,1.722900390625,-2.9627078225945955,20.58167290687561,0.20360103907261481
107,1.74658203125,-2.9565956308488546,20.606289863586426,0.19790113957680752
108,1.725830078125,-2.960318388619865,20.630846738815308,0.18383972568816676
109,1.714111328125,-2.9678793972224486,20.655492544174194,0.16084025615586575
110,1.716552734375,-2.9637659181723377,20.67994451522827,0.15995971907026105
111,1.722412109375,-2.966548014034215,20.704529523849487,0.14807288211424371
112,1.709228515625,-2.968937563335744,20.729063272476196,0.13899145017436448
113,1.728515625,-2.980885301188559,20.753546237945557,0.12246551313668573
114,1.715576171875,-2.978220571491507,20.778072118759155,0.11631071624285948
115,1.692138671875,-2.978220571491507,20.802587032318115,0.1083825831053873
116,1.72216796875,-2.979944463719246,20.827215909957886,0.10116493688422129
117,1.726806640625,-2.9768893011730637,20.85172176361084,0.09694656496212699
118,1.690185546875,-2.9734416224098443,20.8763906955719,0.09602300127915311
119,1.6875,-2.978220683493084,20.900917530059814,0.08427106680224376
120,1.71142578125,-2.976889373366171,20.925573587417603,0.07730152272426757
121,1.736328125,-2.9669417036590016,20.950085401535034,0.0775768504305446
122,1.727294921875,-2.97305207660127,20.97474241256714,0.06250417869366084
123,1.704833984375,-2.969604400683345,20.99931311607361,0.05350252283361681
124,1.70263671875,-2.9846086088670125,21.023823022842407,0.04276682726100681
125,1.714111328125,-2.9876637777225135,21.048357009887695,0.036773131204255065
126,1.714599609375,-2.9931086485610883,21.07285499572754,0.03306883290386226
127,1.677001953125,-2.9900515872862057,21.097588777542114,0.029813353627178085
128,1.678955078125,-2.978769126716003,21.12211561203003,0.034498167573420356
129,1.669921875,-2.9757140025544633,21.14674162864685,0.0349438015388348
130,1.691162109375,-2.9683781083028333,21.171268463134766,0.027682321622330853
131,1.708251953125,-2.9638735429742904,21.19587731361389,0.034964666725202535
132,1.73779296875,-2.975430849706711,21.220429182052612,0.020615781290881877
133,1.74365234375,-2.9808755606883643,21.244943141937256,0.014219930330527214
134,1.75341796875,-2.9893751784550386,21.26955509185791,0.0025925346768496875
135,1.749267578125,-2.988984509752859,21.294223070144653,-0.0021978218821323606
136,1.7412109375,-2.9915979320613726,21.318761825561523,-0.012968448143934056
137,1.69189453125,-3.0120445711394797,21.343281745910645,-0.03374034003298088
138,1.728515625,-3.0098794609258896,21.36779475212097,-0.029467697362587416
139,1.750732421875,-3.0124928202701384,21.39230465888977,-0.034680158096143804
140,1.736083984375,-3.014047719170163,21.416938543319702,-0.04090667260358548
141,1.72265625,-3.0167123337854327,21.44159746170044,-0.043764018690321184
142,1.731201171875,-3.0139321533015413,21.46622323989868,-0.05230177641703764
143,1.70703125,-3.018045558733588,21.490753173828125,-0.05899294165133145
144,1.696533203125,-3.0234903496426244,21.515421152114868,-0.06466976207990485
145,1.6708984375,-3.0398240392387303,21.539939880371094,-0.08172005605571452
146,1.638427734375,-3.034379168400156,21.566044807434082,-0.08124561911805103
147,1.611572265625,-3.035044818298671,21.5905818939209,-0.08790738867501009
148,1.567138671875,-3.0346030749062924,21.615047693252563,-0.08156262039069606
149,1.52294921875,-3.020266347067627,21.63967251777649,-0.07805177909781337
0,1.36669921875,-3.023321474383877,21.664742469787598,-0.07805177909781337
1,0.941650390625,-3.019873798465952,21.703879356384277,-0.08444099130625618
2,0.700927734375,-3.0331544074633494,21.730748176574707,-0.09519919119548531
3,0.48388671875,-3.028375646520479,21.76131820678711,-0.09187708314985493
4,0.33349609375,-3.0279852067398165,21.78621006011963,-0.09206859666091773
5,0.3544921875,-3.023596660475641,21.81003189086914,-0.08827992871724195
6,0.283935546875,-3.017759766604797,21.833749771118164,-0.08345872858817822
7,0.29736328125,-3.024537611403661,21.856016635894775,-0.09273563076035617
8,0.28955078125,-3.0217575829003027,21.87788462638855,-0.08547353715786846
9,0.368408203125,-3.0185339048577267,21.899760484695435,-0.07935412775499003
10,0.490478515625,-3.029698588009998,21.921648502349854,-0.07190206845292064
11,0.498046875,-3.031970693339848,21.943559408187866,-0.0762246614488416
12,0.5361328125,-3.030246799689513,21.96553325653076,-0.07167128107656816
13,0.89794921875,-3.032521249552669,21.98737406730652,-0.07549983500075073
14,1.08837890625,-3.035185979249722,22.009144067764282,-0.0677829875307029
15,1.150146484375,-3.030290689378398,22.03099298477173,-0.06287635792422437
16,1.681396484375,-3.0345617225252393,22.052839994430542,-0.061147193139871485
17,1.556884765625,-3.0365094900486174,22.074726819992065,-0.05028765169769726
18,1.32470703125,-3.0367845200253254,22.096630811691284,-0.05463511986414144
19,1.235107421875,-3.044779053005481,22.118472576141357,-0.058208838218424604
20,1.791748046875,-3.052107849480563,22.140308618545532,-0.058689531363726406
21,1.69384765625,-3.061826431024818,22.162152528762817,-0.06890848521788921
22,1.738037109375,-3.072210704625495,22.183979272842407,-0.07495176652483145
23,2.222412109375,-3.091763443287547,22.20619225502014,-0.08799911296428291
24,2.279541015625,-3.0993688922309572,22.228077173233032,-0.08565774676418068
25,1.77734375,-3.104973685205501,22.249946117401123,-0.09174007613918216
26,1.6083984375,-3.121078110773248,22.271836042404175,-0.10400174870125654
27,1.994140625,-3.1432954132443376,22.293715953826904,-0.11975883828095227
28,2.212158203125,-3.1701338711621774,22.31571674346924,-0.14216811903714804
29,1.94091796875,-3.1842416889175706,22.337584733963013,-0.1552496767243007
30,2.2919921875,-3.2189638546196346,22.359435558319092,-0.1784864247619031
31,2.52313232421875,-3.2539109060565594,22.381288528442383,-0.2060395124714405
32,2.53533935546875,-3.259631046005572,22.404764413833618,-0.2168643771846395
33,2.62005615234375,-3.2744046227982535,22.428696393966675,-0.2230227178990483
34,2.35498046875,-3.2867892088968507,22.453017234802246,-0.23384827711095627
35,2.13330078125,-3.3097879370382817,22.477073192596436,-0.23957964559714603
36,2.025390625,-3.337617046893032,22.500518083572388,-0.257287529163378
37,1.775634765625,-3.347336818213348,22.52941107749939,-0.25918999453314057
38,1.688720703125,-3.36255243260581,22.55335283279419,-0.27184207598351906
39,1.717041015625,-3.3901083926311015,22.577340841293335,-0.2986544713505247
40,1.634765625,-3.417664566523101,22.60092568397522,-0.3201952334676011
41,1.65185546875,-3.437607963674574,22.62468647956848,-0.33916918548508973
42,1.584228515625,-3.464054502925973,22.648327589035034,-0.36086441864379637
43,1.48486328125,-3.481217678978977,22.672048330307007,-0.3650781051218444
44,1.480224609375,-3.5024943788867944,22.695866346359253,-0.37626470897427444
45,1.361572265625,-3.5128821743942837,22.719584226608276,-0.37780850936940985
46,1.1806640625,-3.54199324219157,22.743337154388428,-0.3984987621289307
47,1.271728515625,-3.5561015767548336,22.767115116119385,-0.4066126747117969
48,1.2138671875,-3.5778201384782395,22.79082703590393,-0.4079802689540558
49,1.111083984375,-3.597762762101835,22.814470767974854,-0.4235100755925373
50,0.958251953125,-3.6109293667916837,22.838191747665405,-0.4309840251858416
51,0.79052734375,-3.6287581061305474,22.861934661865234,-0.4424471496053515
52,0.859130859375,-3.633307434973905,22.885751485824585,-0.4438297226937839
53,0.9453125,-3.642636286871773,22.90945553779602,-0.452270594688005
54,0.8232421875,-3.6612456111764584,22.933239459991455,-0.46251632348790844
55,0.820068359375,-3.677742885864731,22.95704936981201,-0.4703855113846582
56,0.796630859375,-3.6864058375587287,22.980764150619507,-0.46537093791300344
57,0.8525390625,-3.6987898883955936,23.004456043243408,-0.4775590873885502
58,0.785400390625,-3.712620034251617,23.02821707725525,-0.4868078073374172
59,1.00537109375,-3.724504356186732,23.051870822906494,-0.4954825456752221
60,0.91943359375,-3.729168546842693,23.075706720352173,-0.5084473048345454
61,0.905517578125,-3.739280117861107,23.09944176673889,-0.5170158271633534
62,0.9736328125,-3.7540531818562455,23.12327265739441,-0.5191097691892945
63,1.103759765625,-3.7634971320654835,23.147000551223755,-0.528348639722421
64,0.918212890625,-3.7814435690690327,23.17059850692749,-0.5412851991818477
65,0.812744140625,-3.802836187611507,23.194414377212524,-0.5593264369777461
66,0.891357421875,-3.8140040530948847,23.218146324157715,-0.5712711102361764
67,0.95703125,-3.8292193207211978,23.241908073425293,-0.5768700194860893
68,1.186279296875,-3.8421107021904213,23.265607118606567,-0.5880548497325878
69,1.323486328125,-3.8482239321168272,23.289366960525513,-0.594799097910877
70,0.625244140625,-3.8580582600006412,23.31316375732422,-0.5931854429912062
71,0.987548828125,-3.865892831785565,23.33777165412903,-0.5967634240610977
72,1.091064453125,-3.8710646362718055,23.3615505695343,-0.6016958815517045
73,1.200439453125,-3.871847040749446,23.38533067703247,-0.6005086153223357
74,1.47021484375,-3.8650681137160023,23.40935444831848,-0.5937656227143305
75,1.5078125,-3.87290291235725,23.433149337768555,-0.6029875519511196
76,1.43408203125,-3.8736857548185823,23.456944227218628,-0.6002775890343841
77,1.28271484375,-3.865575405293543,23.48064613342285,-0.5930913555216794
78,1.2958984375,-3.859072102710881,23.504384994506836,-0.5883162236925619
79,1.298095703125,-3.854682866499743,23.528193950653076,-0.5791433438540045
80,1.364990234375,-3.8440689888591337,23.551987886428833,-0.566114955055316
81,1.207275390625,-3.8242855007095566,23.575955867767334,-0.5449428960551972
82,1.245361328125,-3.8265602766303872,23.59972071647644,-0.5386089131517178
83,1.1552734375,-3.8215053218079578,23.62357759475708,-0.5204068143394305
84,1.074462890625,-3.816060245824992,23.647321462631226,-0.5107927198925021
85,1.129150390625,-3.807559718307985,23.671066522598267,-0.5005546954085465
86,1.151611328125,-3.7840552646296515,23.69483232498169,-0.47180963683160987
87,1.09423828125,-3.7744971335060167,23.718581199645996,-0.4481781897519411
88,1.26123046875,-3.7731657234560885,23.74231505393982,-0.42691179597072537
89,1.296630859375,-3.7625489876717104,23.766147136688232,-0.40873485670050314
90,1.16796875,-3.7625489876717104,23.78985285758972,-0.3822506036457635
91,1.249267578125,-3.754714164901001,23.813660860061646,-0.35011271047560233
92,1.114013671875,-3.7475452742846587,23.837398767471313,-0.3410183431902526
93,1.201171875,-3.7342628083317737,23.861114740371704,-0.32139535302271727
94,1.445068359375,-3.7325388470860084,23.884816646575928,-0.31169615050791233
95,1.3251953125,-3.72948088825386,23.908652544021606,-0.29362376055862965
96,1.422119140625,-3.7318705184588965,23.93239450454712,-0.2755179112931461
97,1.3193359375,-3.721645921153664,23.95615530014038,-0.2627392516139391
98,1.1640625,-3.720311807690606,23.979868173599243,-0.2512094613610016
99,1.267822265625,-3.7138108293511096,24.003687143325806,-0.2275149317983049
100,1.31298828125,-3.716476233220482,24.027559995651245,-0.2099026835177925
101,1.287109375,-3.718590158126554,24.05127191543579,-0.19739951425161528
102,2.330078125,-3.715925058541852,24.075292825698853,-0.17690590452097021
103,1.607666015625,-3.712476954198382,24.099032878875732,-0.162425977988485
104,1.201416015625,-3.710087402659592,24.12261176109314,-0.14584855056043733
105,1.428955078125,-3.707029567272889,24.14642858505249,-0.13640916882411522
106,1.496337890625,-3.7159226035786794,24.170108556747437,-0.12224205017814503
107,1.2998046875,-3.7187022326739236,24.193946361541748,-0.11429653908431593
108,1.419921875,-3.7187022326739236,24.217620372772217,-0.09903096666283077
109,1.53466796875,-3.7217575504399587,24.24134922027588,-0.08711923656948475
110,1.119873046875,-3.731708610680455,24.265024185180664,-0.08487354270252638
111,1.02978515625,-3.7348784190860562,24.288765907287598,-0.07458361532250814
112,0.946533203125,-3.7380509008740255,24.312453985214233,-0.07363218393016031
113,1.1806640625,-3.7336616502407685,24.336230754852295,-0.06399622331741636
114,1.8232421875,-3.7329959440710683,24.359938859939575,-0.05048768646867973
115,0.96630859375,-3.733386000263805,24.383756637573242,-0.03921272612260956
116,0.907470703125,-3.7304453533312234,24.40752649307251,-0.031062545264506056
117,1.29443359375,-3.7247247162958286,24.43126654624939,-0.018334504412241905
118,0.68310546875,-3.72233505046771,24.4550724029541,-0.006960622064738373
119,0.50927734375,-3.7216668791769405,24.478829383850098,0.0018819448396780547
120,1.010009765625,-3.709050121125896,24.50253415107727,0.01401402575415329
121,1.06982421875,-3.7101082931912894,24.52642798423767,0.020376228788844323
122,1.067626953125,-3.707326152800982,24.550249099731445,0.03265465227850834
123,1.06787109375,-3.6977677111406813,24.574030876159668,0.045986875914490986
124,1.050537109375,-3.7056022878131243,24.59786891937256,0.053184368832401144
125,1.071044921875,-3.7097158139874966,24.621620655059814,0.065268737217965
126,1.061767578125,-3.718215965828808,24.645471572875977,0.06717201784228428
127,1.075927734375,-3.72777440056047,24.66930055618286,0.07115867877090426
128,1.051513671875,-3.7321635829326034,24.693031549453735,0.07714211819722731
129,1.0732421875,-3.736942875336478,24.717076301574707,0.07811755127245928
130,1.080078125,-3.7390568297046816,24.740793228149414,0.08351971704144581
131,1.073486328125,-3.7431707906210154,24.76455521583557,0.08594045548900091
132,1.069091796875,-3.749674308419872,24.788268089294434,0.0849943610016471
133,1.06005859375,-3.754729263242302,24.812010049819946,0.08199418371492254
134,1.060791015625,-3.758842927443199,24.83599591255188,0.07443285861331034
135,1.068115234375,-3.7660120431781383,24.861336708068848,0.07520545603846426
136,1.06005859375,-3.7766270043422296,24.885090827941895,0.06830597919101676
137,1.062744140625,-3.7711820216141176,24.90882968902588,0.06642579065617174
138,1.0693359375,-3.7711820216141176,24.932588577270508,0.06185992812408824
139,1.0634765625,-3.7671853546379777,24.956448554992676,0.06157914050463083
140,1.0615234375,-3.764795724432941,24.980209350585938,0.055820730325987084
141,1.06884765625,-3.7641276318122667,25.003925323486328,0.04253335327898849
142,1.064453125,-3.763069341814218,25.02772808074951,0.0448697034310064
143,1.068359375,-3.782186504523147,25.05147695541382,0.027922070231105305
144,1.069580078125,-3.7869657989881076,25.07518196105957,0.020739720577483457
145,1.0615234375,-3.778740942092055,25.098948001861572,0.020541130789908605
146,1.055419921875,-3.7752930576770227,25.12270188331604,0.0064769174210279595
147,1.052490234375,-3.7794068702312766,25.146585702896118,-0.003101571805594727
148,1.060302734375,-3.7776856473195983,25.17031455039978,-0.0028275777918143554
149,1.0703125,-3.7885759551250864,25.19412350654602,-0.017875655358444834
0,1.04736328125,-3.7776833522297704,25.218364477157593,-0.017875655358444834
1,1.065673828125,-3.780072903768561,25.25561022758484,-0.018944927920361322
2,1.065185546875,-3.7875175264077723,25.28340220451355,-0.028894145784868007
3,1.059326171875,-3.7916313395192547,25.30636215209961,-0.03691373324564141
4,1.066650390625,-3.7834064826232026,25.32817792892456,-0.039964566142984236
5,1.062744140625,-3.7864643180099056,25.34950089454651,-0.04356691377134669
6,1.0634765625,-3.7747399284396574,25.37078595161438,-0.036524662222070826
7,1.06494140625,-3.7708532480821475,25.392035722732544,-0.03179875131849568
8,1.069580078125,-3.7745768325193603,25.4132297039032,-0.041898824913462286
9,1.068115234375,-3.776576495993288,25.434704542160034,-0.044388453683334335
10,1.05712890625,-3.774687155645201,25.45603656768799,-0.04746119621133977
11,1.067626953125,-3.7735144692736395,25.477327346801758,-0.04468237056893739
12,1.068603515625,-3.7692347054328383,25.49860143661499,-0.03984365556159741
13,1.0595703125,-3.774289660255268,25.5198712348938,-0.04565378813605976
14,1.06787109375,-3.7751800854211273,25.541689157485962,-0.04875471829170504
15,1.06982421875,-3.7821837488001844,25.563672065734863,-0.055753696948771636
16,1.08447265625,-3.7834003245211396,25.58563804626465,-0.05881660129638267
17,1.066162109375,-3.785624053866388,25.607528924942017,-0.05425045951550952
18,1.063232421875,-3.794624617501267,25.629381895065308,-0.059171512939673925
19,1.06689453125,-3.8026864969219702,25.651246786117554,-0.06531673711164261
20,1.0654296875,-3.81074805728482,25.6731436252594,-0.069306758451083
21,1.064208984375,-3.8016891790218987,25.695034503936768,-0.055404429749548546
22,1.0625,-3.8117482122033732,25.716877460479736,-0.06085449556977782
23,1.064697265625,-3.8190246561673775,25.738739490509033,-0.0641696192095733
24,1.0673828125,-3.8219147054161446,25.760491371154785,-0.06946073285739181
25,1.067626953125,-3.824804754664912,25.782334327697754,-0.07213389312837522
26,1.0830078125,-3.829029284224558,25.804261207580566,-0.07507202205241201
27,1.088134765625,-3.836698894891353,25.82619023323059,-0.08296302661669769
28,1.06103515625,-3.8440926019273554,25.84807801246643,-0.09260920235289585
29,1.0712890625,-3.8524276988573103,25.86992883682251,-0.10063980236803018
30,1.068603515625,-3.85120384303238,25.891779899597168,-0.10017507365341968
31,1.06982421875,-3.861263080939963,25.91367483139038,-0.11670303791595535
32,1.065185546875,-3.8580393283110657,25.935673713684082,-0.11352257017724102
33,1.06787109375,-3.8599878333585043,25.95752763748169,-0.11695512778839957
34,1.070556640625,-3.860488175242667,25.97936248779297,-0.12403575740134243
35,1.06396484375,-3.8583229851622245,26.001951456069946,-0.11696058728557925
36,1.066162109375,-3.8527118338051736,26.02661633491516,-0.11028251990266129
37,1.065673828125,-3.8560427405163096,26.051223278045654,-0.10659881531435435
38,1.05078125,-3.8473739685732453,26.07582712173462,-0.09404114080421026
39,1.06494140625,-3.852653403191299,26.100332975387573,-0.09454914011422048
40,1.092529296875,-3.84398436836666,26.1248300075531,-0.08533834723073032
41,1.06982421875,-3.8503221085840043,26.149372816085815,-0.08815666957254577
42,1.072509765625,-3.85532609746982,26.173775911331177,-0.08868872757255439
43,1.049072265625,-3.8418806011710314,26.198341608047485,-0.07499557478523126
44,1.072021484375,-3.837101306706071,26.22270965576172,-0.06817821088051122
45,1.067626953125,-3.846884804606373,26.24734663963318,-0.07193825177673131
46,1.06787109375,-3.840998193403866,26.27186942100525,-0.06322233987016715
47,1.06640625,-3.84232960865042,26.296512365341187,-0.056675007168222304
48,1.061767578125,-3.8367161882972156,26.320963144302368,-0.056671500111063845
49,1.068115234375,-3.8441099215015697,26.345936059951782,-0.06160600149124716
50,1.067138671875,-3.852220270863702,26.370468139648438,-0.0699077822413659
51,1.0693359375,-3.8422715706396433,26.395298957824707,-0.06490629747347852
52,1.0693359375,-3.8442686900753698,26.419734954833984,-0.06673795014376781
53,1.061279296875,-3.837765060884172,26.444334745407104,-0.06307267338313681
54,1.079345703125,-3.8360409530152406,26.468929767608643,-0.048488153738232405
55,1.071533203125,-3.8471558038826164,26.493420600891113,-0.052691849987166015
56,1.062255859375,-3.8549910951095594,26.517862558364868,-0.06380257130486773
57,1.070556640625,-3.856763850560997,26.54239845275879,-0.0674259358061073
58,1.07373046875,-3.8545985242071152,26.56865429878235,-0.06318072057526278
59,1.065185546875,-3.8534915883366683,26.59321117401123,-0.06363839946979837
60,1.06396484375,-3.855881369718174,26.617757081985474,-0.05763766333606127
61,1.056884765625,-3.8511017768144633,26.642301082611084,-0.053322795936382665
62,1.067626953125,-3.854988991919995,26.666879892349243,-0.05149418956691394
63,1.059814453125,-3.857378694566182,26.69139075279236,-0.05013289308957333
64,1.06298828125,-3.8447638798300745,26.7160587310791,-0.047893392249419686
65,1.0625,-3.8393186343787358,26.740578651428223,-0.041802057579985626
66,1.06494140625,-3.8440981539687598,26.765029668807983,-0.05424039917455157
67,1.0634765625,-3.8452053206251198,26.78955340385437,-0.05804125440351096
68,1.07080078125,-3.8425910982148084,26.814210414886475,-0.053346018618674065
69,1.069580078125,-3.8348047693528855,26.83879041671753,-0.046514493127278726
70,1.06103515625,-3.8456954080565073,26.8633131980896,-0.055392346024856744
71,1.05615234375,-3.85091648515879,26.887850046157837,-0.05985675770497776
72,1.069091796875,-3.8391358805020563,26.91238808631897,-0.0552080412552165
73,1.06494140625,-3.841693727930709,26.93711495399475,-0.05297112874917007
74,1.070068359375,-3.83863822862898,26.9616379737854,-0.050214314980774576
75,1.063232421875,-3.8301373320530185,26.986230850219727,-0.039143300822193666
76,1.068115234375,-3.8231333253716984,27.010672569274902,-0.03344423356886115
77,1.065185546875,-3.8164052946242744,27.035354614257812,-0.027208058214501115
78,1.066650390625,-3.8081773907495977,27.059889554977417,-0.014754330422841069
79,1.0654296875,-3.8020664336895345,27.084485292434692,-0.004468173924232154
80,1.065185546875,-3.80379053120889,27.109023332595825,0.0004968041145760684
81,1.070556640625,-3.8106838996455514,27.133528232574463,-0.011088620565245481
82,1.08740234375,-3.818294434237753,27.15809202194214,-0.008577141942672003
83,1.06298828125,-3.8135147623702945,27.18261694908142,0.00021827705613056646
84,1.0703125,-3.812621869599135,27.207201957702637,0.0030379924908447344
85,1.06201171875,-3.821122537578043,27.231696844100952,-0.000540809545913327
86,1.061279296875,-3.833071632104278,27.256175756454468,-0.0054653741469763975
87,1.072509765625,-3.836078435724735,27.28072476387024,-0.0016776189826867441
88,1.06494140625,-3.8330228180975507,27.30521869659424,0.006031558939185434
89,1.068115234375,-3.8449713498008147,27.329784393310547,0.004282619948322849
90,1.072265625,-3.8549717964075216,27.354355335235596,-0.0034342461328305696
91,1.0703125,-3.863864974866615,27.378973245620728,-0.0017978469908648865
92,1.063232421875,-3.8614751952174102,27.403481245040894,-0.0026150381022699344
93,1.0654296875,-3.862140919757983,27.428049087524414,-0.0015806543404978835
94,1.06396484375,-3.864089486345116,27.452516078948975,-0.002526084323145905
95,1.069091796875,-3.8695346518664437,27.47713303565979,-0.007810207342434523
96,1.0625,-3.882814995177412,27.501617908477783,-0.020641629304732536
97,1.0693359375,-3.8902087261908873,27.52629280090332,-0.023379652980545104
98,1.0693359375,-3.902598478478499,27.552417755126953,-0.03715604922104365
99,1.0615234375,-3.8952047452741447,27.577025651931763,-0.02855775815462845
100,1.05615234375,-3.901932772098448,27.601560592651367,-0.039026146172482824
101,1.069580078125,-3.908660781272559,27.62616539001465,-0.03927966140319992
102,1.065185546875,-3.9206089193118236,27.65065836906433,-0.04399238470444001
103,1.072265625,-3.9236644413129547,27.675166130065918,-0.05519244799170147
104,1.05859375,-3.9321165446246074,27.699671030044556,-0.06420985441688606
105,1.044189453125,-3.931450827570483,27.72427201271057,-0.05714040872585138
106,1.068115234375,-3.922998709104142,27.748817920684814,-0.0554021992427337
107,1.063232421875,-3.929726735928445,27.77328085899353,-0.059085551395566274
108,1.08642578125,-3.9382275110265885,27.797786712646484,-0.06869335076929997
109,1.073974609375,-3.942389815346029,27.822301626205444,-0.0665886263936529
110,1.069091796875,-3.9478349848893073,27.84697961807251,-0.0647560767966895
111,1.0595703125,-3.9610666268648136,27.871365547180176,-0.08047695495792899
112,1.06298828125,-3.9643489810440506,27.895979404449463,-0.081337377105771
113,1.06298828125,-3.965631844308185,27.92048740386963,-0.08661607870707182
114,1.061279296875,-3.9751911949744594,27.94508123397827,-0.0942625594977176
115,1.05615234375,-3.980636440425798,27.96953320503235,-0.09041013094219726
116,1.083740234375,-3.975415363323515,27.99408197402954,-0.08152264619184205
117,1.065185546875,-3.976698053095036,28.01864194869995,-0.08118890160477446
118,1.059814453125,-3.967755615784339,28.043176889419556,-0.07648877853161172
119,1.058349609375,-3.979263087383704,28.06771183013916,-0.0850571157484172
120,1.04443359375,-3.979263087383704,28.092224597930908,-0.08343445466235935
121,1.0673828125,-3.9825430139831877,28.11680769920349,-0.08890374954181221
122,1.058349609375,-3.9977715585165243,28.141331434249878,-0.09661739215505351
123,1.062255859375,-4.008886333072642,28.1660213470459,-0.10249537638394236
124,1.05615234375,-4.012382915449908,28.190529346466064,-0.1133962977329977
125,1.060791015625,-4.027387209660809,28.215436220169067,-0.12713780026149707
126,1.07373046875,-4.0228320435175995,28.23994016647339,-0.12078165949573935
127,1.060546875,-4.013497336666261,28.264501094818115,-0.11369482594366016
128,1.064453125,-4.021725240540938,28.289067029953003,-0.12104407470409137
129,1.066650390625,-4.022390960193461,28.313607931137085,-0.12677577294507603
130,1.060302734375,-4.026112175991861,28.338114738464355,-0.12190479384002843
131,1.065673828125,-4.0131050453178325,28.36265277862549,-0.10952370355715406
132,1.070068359375,-4.015053704369954,28.387351751327515,-0.1188402359201266
133,1.068115234375,-4.021998536505227,28.411880493164062,-0.12183500811835762
134,1.06396484375,-4.0130563280270115,28.436495542526245,-0.1178569251278574
135,1.06689453125,-4.008276881292006,28.46105647087097,-0.1203747496800355
136,1.053955078125,-4.0011075371463605,28.485673189163208,-0.12029676083124112
137,1.06787109375,-4.0004904736936195,28.51006817817688,-0.12441831714872055
138,1.06591796875,-3.9994319907389526,28.53466510772705,-0.12929034066788636
139,1.06591796875,-3.9874834590356887,28.559711933135986,-0.12548047716299762
140,1.06787109375,-3.9894321026245168,28.584636926651,-0.12561244500902174
141,1.05712890625,-3.977090691045662,28.60924983024597,-0.11256701000253216
142,1.06982421875,-3.9716452977933794,28.6337788105011,-0.10370324770141372
143,1.063720703125,-3.97881486447975,28.658426761627197,-0.11179940052265969
144,1.071044921875,-3.974035265926263,28.682962656021118,-0.10915803934025733
145,1.06884765625,-3.966200319889529,28.707603454589844,-0.09807462477018176
146,1.064697265625,-3.958365373852794,28.73212742805481,-0.08461430151726797
147,1.06640625,-3.9457505657370358,28.756778240203857,-0.07404393919935758
148,1.0712890625,-3.9411959814627595,28.781270265579224,-0.07302374006255041
149,1.061279296875,-3.937699379600249,28.805896043777466,-0.0625507331940467
