,acceleration,altitude,time,tx,z_velocity
0,1.069091796875,-0.14853687751441302,6.103515625e-05,0.0,0.0
1,1.062255859375,-0.30622741892035565,0.021546363830566406,0.021485328674316406,-0.12232420224693928
2,1.0712890625,-0.4655299905266229,0.042775869369506836,0.02122950553894043,-0.24738801285875103
3,1.074462890625,-0.6231185496594954,0.06439352035522461,0.021617650985717773,-0.36888483909963726
4,1.07275390625,-0.7744996981696143,0.08820486068725586,0.02381134033203125,-0.4748435590479353
5,1.0732421875,-0.9308805358166616,0.11136531829833984,0.023160457611083984,-0.5873779198919166
6,1.068603515625,-1.0872613734637089,0.1365036964416504,0.025138378143310547,-0.6910579297660228
7,1.0732421875,-1.248744500267952,0.15977025032043457,0.02326655387878418,-0.8067340827863266
8,1.067138671875,-1.4020184142483674,0.18299174308776855,0.023221492767333984,-0.9167427397922392
9,1.06982421875,-1.5568579223298755,0.20995211601257324,0.026960372924804688,-1.0124631690022825
10,1.05712890625,-1.7090823854844215,0.23091459274291992,0.02096247673034668,-1.1334924929006491
11,1.07275390625,-1.851766076453278,0.2518799304962158,0.0209653377532959,-1.246920740235885
12,1.077392578125,-1.998675721682795,0.2728235721588135,0.020943641662597656,-1.3638294482153228
13,1.06591796875,-2.141484434179168,0.29382896423339844,0.02100539207458496,-1.477140601838239
14,1.073974609375,-2.2883940794086852,0.3148536682128906,0.021024703979492188,-1.5935985595601132
15,1.070556640625,-2.4284786235646005,0.33589911460876465,0.021045446395874023,-1.7045366864442413
16,1.07666015625,-2.567846676529021,0.35820746421813965,0.022308349609375,-1.8086591752618
17,1.075927734375,-2.7103168832662345,0.3792760372161865,0.021068572998046875,-1.9213627478217616
18,1.076904296875,-2.853457168020874,0.4005136489868164,0.021237611770629883,-2.033695124849038
19,1.064453125,-2.999212434965752,0.42155909538269043,0.021045446395874023,-2.149124106652796
20,1.07177734375,-3.1406323092907282,0.44257545471191406,0.021016359329223633,-2.2612747350510656
21,1.08203125,-3.293544803436189,0.46361708641052246,0.0210416316986084,-2.3823937435764146
22,1.070068359375,-3.4369142531211696,0.4847116470336914,0.021094560623168945,-2.495668955644996
23,1.070068359375,-3.581999341904172,0.5057179927825928,0.021006345748901367,-2.6107810670971507
24,1.077880859375,-3.7345221483060467,0.526761531829834,0.02104353904724121,-2.7315804615173516
25,1.06787109375,-3.878837251379176,0.5477771759033203,0.021015644073486328,-2.8460309970077193
26,1.0703125,-4.028308980320183,0.5688517093658447,0.021074533462524414,-2.964239805130569
27,1.0693359375,-4.181502223758566,0.5899231433868408,0.021071434020996094,-3.0854095708631224
28,1.072509765625,-4.32858817460066,0.6109535694122314,0.021030426025390625,-3.2019755648698633
29,1.077392578125,-4.472237919828853,0.6319642066955566,0.021010637283325195,-3.3159255792452
30,1.06494140625,-4.614552202180285,0.6529645919799805,0.021000385284423828,-3.428871350179053
31,1.06494140625,-4.755145935255348,0.6740012168884277,0.021036624908447266,-3.5402594124172806
32,1.0712890625,-4.90489821439647,0.695009708404541,0.02100849151611328,-3.6590623886854434
33,1.06787109375,-5.053985139707803,0.7160241603851318,0.02101445198059082,-3.7773039726590434
34,1.0751953125,-5.196194422782046,0.7371165752410889,0.02109241485595703,-3.8896739755292775
35,1.06787109375,-5.337068266177985,0.7581250667572021,0.02100849151611328,-4.001433422328754
36,1.06787109375,-5.488821647502832,0.7791945934295654,0.02106952667236328,-4.121475180333615
37,1.072509765625,-5.631030930577075,0.8002262115478516,0.021031618118286133,-4.234170014586206
38,1.076171875,-5.768853377691308,0.821692705154419,0.021466493606567383,-4.341175882770214
39,1.0751953125,-5.913833836324732,0.8451690673828125,0.023476362228393555,-4.444102433047296
40,1.08447265625,-6.049935561462763,0.8686544895172119,0.023485422134399414,-4.540688394868751
41,1.0732421875,-6.194916020096188,0.8920519351959229,0.023397445678710938,-4.643962103050596
42,1.081298828125,-6.344002945407522,0.9155104160308838,0.023458480834960938,-4.749884652170618
43,1.076416015625,-6.505684120780265,0.9389829635620117,0.02347254753112793,-4.8646862625471154
44,1.066650390625,-6.656101751466533,0.9623913764953613,0.02340841293334961,-4.971782823026284
45,1.05517578125,-6.801311302520609,0.9858179092407227,0.023426532745361328,-5.075091289991537
46,1.073974609375,-6.947627338723159,1.0092473030090332,0.023429393768310547,-5.179174247813269
47,1.072509765625,-7.09737961786428,1.032712697982788,0.023465394973754883,-5.285538164628232
48,1.06103515625,-7.242360076497704,1.060352087020874,0.027639389038085938,-5.372961984810874
49,1.0625,-7.389061109406391,1.083787441253662,0.023435354232788086,-5.477292271046702
50,1.076171875,-7.38655990782093,1.107266902923584,0.023479461669921875,-5.47551681751727
51,1.079345703125,-7.373849825048413,1.1306545734405518,0.023387670516967773,-5.466459279584127
52,1.07177734375,-7.359247388754687,1.153899908065796,0.02324533462524414,-5.455989482433327
53,1.06884765625,-7.344918675991804,1.1774792671203613,0.02357935905456543,-5.445861476882848
54,1.076904296875,-7.333465919439213,1.2009248733520508,0.023445606231689453,-5.437720110266423
55,1.068603515625,-7.320734827020359,1.2243492603302002,0.023424386978149414,-5.428661820978191
56,1.085693359375,-7.305617766466708,1.2479097843170166,0.023560523986816406,-5.41796804314165
57,1.071533203125,-7.285398416755861,1.2711782455444336,0.023268461227416992,-5.403485385326255
58,1.07958984375,-7.273773442590052,1.2944936752319336,0.0233154296875,-5.39517545614944
59,1.072265625,-7.260197711601941,1.3180630207061768,0.023569345474243164,-5.385575606065251
60,1.082275390625,-7.245795695561627,1.342740535736084,0.024677515029907227,-5.375848791984457
61,1.0732421875,-7.247427107665901,1.3662550449371338,0.023514509201049805,-5.254680905674433
62,1.05078125,-7.241111195511447,1.3897294998168945,0.023474454879760742,-5.125132850247846
63,1.0693359375,-7.237845614114052,1.41312575340271,0.02339625358581543,-5.001309738885129
64,1.0703125,-7.233530461113669,1.436549186706543,0.023423433303833008,-4.892280622904782
65,1.08349609375,-7.23060300591588,1.4599506855010986,0.023401498794555664,-4.777661313554233
66,1.084716796875,-7.232108796347399,1.483354091644287,0.023403406143188477,-4.675053647895257
67,1.06689453125,-7.235284401519261,1.5067496299743652,0.023395538330078125,-4.561639753264465
68,1.07080078125,-7.232352605154401,1.5300312042236328,0.023281574249267578,-4.449532300351346
69,1.07470703125,-7.228526474013057,1.5533926486968994,0.0233614444732666,-4.351082208922482
70,1.06884765625,-7.2266497307870585,1.5767390727996826,0.023346424102783203,-4.2287131058087235
71,1.06689453125,-7.213280367740577,1.600128412246704,0.023389339447021484,-4.105758179964842
72,1.072998046875,-7.223384862086085,1.6238629817962646,0.023734569549560547,-3.995944955168284
73,1.074951171875,-7.221559619673072,1.6474733352661133,0.023610353469848633,-3.881345353792038
74,1.06787109375,-7.2140172719046225,1.6708788871765137,0.02340555191040039,-3.7595166277745884
75,1.0634765625,-7.208859960288945,1.6942822933197021,0.023403406143188477,-3.644905736632611
76,1.07275390625,-7.198931362446916,1.7177646160125732,0.023482322692871094,-3.533736388232005
77,1.071044921875,-7.190718577641957,1.7411792278289795,0.02341461181640625,-3.4151869042461955
78,1.06787109375,-7.184506470195802,1.764561653137207,0.02338242530822754,-3.298426623665811
79,1.080322265625,-7.185837183601032,1.7881062030792236,0.0235445499420166,-3.183939624478347
80,1.06787109375,-7.186117393478736,1.8115215301513672,0.023415327072143555,-3.071988445125312
81,1.05517578125,-7.197661793650354,1.8350110054016113,0.02348947525024414,-2.9590606229707594
82,1.0703125,-7.191169360879222,1.8584864139556885,0.02347540855407715,-2.8411760251867837
83,1.068603515625,-7.186012427625426,1.8819007873535156,0.02341437339782715,-2.7223931391167073
84,1.066650390625,-7.186397636780317,1.905402421951294,0.02350163459777832,-2.601866923677093
85,1.052490234375,-7.187733076458621,1.9288578033447266,0.023455381393432617,-2.488365310210136
86,1.06591796875,-7.178188978208016,1.9522643089294434,0.023406505584716797,-2.3633606006828236
87,1.0732421875,-7.181625507042851,1.9756758213043213,0.02341151237487793,-2.2446373014434826
88,1.070556640625,-7.179468066684667,1.9990532398223877,0.023377418518066406,-2.126533184684853
89,1.072021484375,-7.170589333189274,2.0223395824432373,0.02328634262084961,-2.0062284200595832
90,1.066162109375,-7.1801334199603195,2.045734167098999,0.02339458465576172,-1.9000820052669634
91,1.06884765625,-7.184905240468016,2.0692484378814697,0.023514270782470703,-1.7920761589830667
92,1.076416015625,-7.17258995015691,2.0926239490509033,0.023375511169433594,-1.6644924190759542
93,1.0751953125,-7.152452685260381,2.1160824298858643,0.023458480834960938,-1.5319438096828468
94,1.0693359375,-7.1470155132075375,2.1394708156585693,0.023388385772705078,-1.4156992540711486
95,1.073486328125,-7.1522235928397295,2.162888288497925,0.02341747283935547,-1.307646497903862
96,1.06005859375,-7.151553368546257,2.1863386631011963,0.023450374603271484,-1.1871283976196056
97,1.068603515625,-7.14878249647515,2.2099032402038574,0.023564577102661133,-1.072473791248723
98,1.0673828125,-7.152504080754002,2.233367681503296,0.023464441299438477,-0.96811134439557
99,1.066650390625,-7.159276991875804,2.2567992210388184,0.02343153953552246,-0.8700023116298279
100,1.064453125,-7.16127305596098,2.28023362159729,0.02343440055847168,-0.7748359608912309
101,1.052734375,-7.157166440723495,2.3036301136016846,0.02339649200439453,-0.6686368745254022
102,1.077392578125,-7.161168348323229,2.3271515369415283,0.02352142333984375,-0.5655499726802878
103,1.070068359375,-7.163118053007315,2.350677013397217,0.023525476455688477,-0.45212963414027274
104,1.062255859375,-7.169505697252337,2.3741214275360107,0.023444414138793945,-0.34957405885215237
105,1.06689453125,-7.168065235098386,2.3977718353271484,0.023650407791137695,-0.245250484545923
106,1.079345703125,-7.169624929141743,2.421201229095459,0.023429393768310547,-0.14227702622638325
107,1.073486328125,-7.177728564962855,2.4446446895599365,0.02344346046447754,-0.04167422975554425
108,1.068115234375,-7.189553569178738,2.468167304992676,0.023522615432739258,0.037371125704007385
109,1.07080078125,-7.192885155875574,2.4916276931762695,0.02346038818359375,0.13933459496678494
110,1.052734375,-7.205044307342156,2.5152180194854736,0.0235903263092041,0.12896864880122658
111,1.064208984375,-7.201603047664964,2.5429375171661377,0.027719497680664062,0.12198020781254997
112,1.072998046875,-7.200832479510715,2.571246862411499,0.028309345245361328,0.1119640701321307
113,1.069580078125,-7.199111795525969,2.5946571826934814,0.023410320281982422,0.10306108269618348
114,1.072509765625,-7.199777149666824,2.61808180809021,0.023424625396728516,0.09444631531056398
115,1.07373046875,-7.211322103620973,2.6414921283721924,0.023410320281982422,0.07716874935639446
116,1.073486328125,-7.227587649342805,2.6650006771087646,0.023508548736572266,0.05494331842910069
117,1.06591796875,-7.224536329662863,2.688490152359009,0.02348947525024414,0.04262568675657475
118,1.063720703125,-7.221764850601902,2.71189546585083,0.02340531349182129,0.036289297378695115
119,1.07373046875,-7.229817313379182,2.7353460788726807,0.023450613021850586,0.0209664534934653
120,1.068115234375,-7.242641748472689,2.7587175369262695,0.023371458053588867,0.002094271400043146
121,1.06787109375,-7.243972460769649,2.782176971435547,0.023459434509277344,0.00230518781021719
122,1.0595703125,-7.229656308196613,2.805603265762329,0.023426294326782227,0.008006187812892992
123,1.072021484375,-7.2394293927620605,2.8290247917175293,0.023421525955200195,-0.0012745862294717765
124,1.06689453125,-7.236658217202879,2.852445125579834,0.023420333862304688,-0.0023729241520490524
125,1.079345703125,-7.237323590666239,2.8758816719055176,0.023436546325683594,-0.004931046374938663
126,1.087646484375,-7.2379889479570405,2.899282217025757,0.023400545120239258,-0.004332592324462392
127,1.066650390625,-7.236938481381154,2.9227845668792725,0.023502349853515625,-0.0013253966680853676
128,1.08251953125,-7.239994630042753,2.9461829662323,0.023398399353027344,-0.0056010855438296935
129,1.063720703125,-7.239994630042753,2.9696664810180664,0.0234835147857666,-0.008330747762649611
130,1.0703125,-7.245431877827746,2.9931118488311768,0.02344536781311035,-0.013535716773266976
131,1.069091796875,-7.234167587977002,3.016477346420288,0.023365497589111328,-0.015027549738262137
132,1.06787109375,-7.235066748166137,3.0398898124694824,0.023412466049194336,-0.008572153042672417
133,1.06689453125,-7.227908391108826,3.0632832050323486,0.02339339256286621,-0.004760615805174205
134,1.05322265625,-7.230523449933767,3.086716651916504,0.023433446884155273,-0.011991303128645098
135,1.074462890625,-7.227471958316978,3.1101152896881104,0.023398637771606445,-0.01349051377582772
136,1.064453125,-7.220927681998784,3.1334927082061768,0.023377418518066406,-0.015871705424428055
137,1.089599609375,-7.215105035010521,3.1568350791931152,0.023342370986938477,-0.01756019357372196
138,1.06689453125,-7.215541753392504,3.180318593978882,0.0234835147857666,-0.022298043902945534
139,1.06787109375,-7.210769485381316,3.203904151916504,0.02358555793762207,-0.017983751825208113
140,1.072509765625,-7.204946838393052,3.2282915115356445,0.024387359619140625,-0.013805023432532903
141,1.068603515625,-7.196738469728147,3.252513885498047,0.024222373962402344,3.408764735488475e-05
142,1.076171875,-7.203226681097908,3.2767412662506104,0.024227380752563477,-0.009038713129993142
143,1.074951171875,-7.216102748692148,3.3010127544403076,0.024271488189697266,-0.02155118401694486
144,1.071044921875,-7.222875671383572,3.3254783153533936,0.024465560913085938,-0.025891921114477485
145,1.05224609375,-7.219159073605991,3.3498356342315674,0.024357318878173828,-0.022399890935245068
146,1.074462890625,-7.214387105092853,3.3756580352783203,0.02582240104675293,-0.02611579956876863
147,1.072265625,-7.204177333023067,3.400021553039551,0.02436351776123047,-0.016685002261861277
148,1.068359375,-7.194353061634326,3.424628973007202,0.024607419967651367,-0.01156912159956553
149,1.06884765625,-7.18347360983297,3.4491074085235596,0.024478435516357422,-0.010516364267239703
150,1.069580078125,-7.171933598336324,3.473313808441162,0.02420639991760254,0.004228556914594558
151,1.073486328125,-7.174319601310374,3.4977071285247803,0.024393320083618164,0.005980543113490832
152,1.072265625,-7.168877404768086,3.5218896865844727,0.024182558059692383,0.0009505520553779512
153,1.064208984375,-7.168263217504244,3.546231985092163,0.02434229850769043,-0.012935952089438058
154,1.070068359375,-7.167822099694514,3.5705175399780273,0.024285554885864258,-0.016507774935289887
155,1.062744140625,-7.16648666001621,3.594780921936035,0.024263381958007812,-0.011883762554208473
156,1.071533203125,-7.167593180936994,3.6193344593048096,0.024553537368774414,-0.01311119886414757
157,1.058349609375,-7.152169916770305,3.6436057090759277,0.024271249771118164,-0.004480070011033732
158,1.072998046875,-7.130695182505581,3.667922258377075,0.02431654930114746,0.012882225832518846
159,1.0712890625,-7.13436077872395,3.692180633544922,0.02425837516784668,0.015181303016200727
160,1.074462890625,-7.123095749066647,3.716529130935669,0.02434849739074707,0.024311882512236222
161,1.068359375,-7.126817269460941,3.740818500518799,0.024289369583129883,0.018832904092041126
162,1.0703125,-7.126817269460941,3.7651500701904297,0.02433156967163086,0.02166855136694814
163,1.06298828125,-7.142027753282145,3.7895703315734863,0.02442026138305664,0.012668768729435518
164,1.07470703125,-7.148135319826664,3.813868761062622,0.024298429489135742,0.013020480050436715
165,1.076416015625,-7.151800843106873,3.8382673263549805,0.0243985652923584,0.009501452747852124
166,1.070068359375,-7.142027841592779,3.8625717163085938,0.02430438995361328,0.01731276039577937
167,1.070068359375,-7.1324836016139015,3.8868331909179688,0.024261474609375,0.029630393436503068
168,1.067626953125,-7.143307552293684,3.9111876487731934,0.02435445785522461,0.03060162376050572
169,1.066650390625,-7.139641989915419,3.935565948486328,0.024378299713134766,0.03547446892351572
170,1.073974609375,-7.128818334199149,3.9598584175109863,0.024292469024658203,0.051490895158846
171,1.0732421875,-7.129488401279425,3.9841089248657227,0.024250507354736328,0.04896128064631795
172,1.068115234375,-7.129488401279425,4.008518218994141,0.02440929412841797,0.048507621175937814
173,1.0751953125,-7.115613261801442,4.032805681228638,0.02428746223449707,0.05680407230344904
174,1.083251953125,-7.111455177716067,4.057377099990845,0.02457141876220703,0.06009788007044839
175,1.06982421875,-7.111840501185032,4.081700563430786,0.024323463439941406,0.0680531294595163
176,1.0634765625,-7.115562004852791,4.105983018875122,0.024282455444335938,0.07703046668746423
177,1.067626953125,-7.114226505024387,4.130321502685547,0.024338483810424805,0.0757799728813991
178,1.072265625,-7.1118404234430646,4.15461277961731,0.024291276931762695,0.07544356506474191
179,1.076171875,-7.106017756267094,4.179002285003662,0.02438950538635254,0.08514550191508101
180,1.070068359375,-7.0930368325503,4.2031378746032715,0.024135589599609375,0.10325475820233994
181,1.077392578125,-7.094757481383495,4.2275121212005615,0.02437424659729004,0.10302360934065005
182,1.071533203125,-7.096914511026922,4.251778602600098,0.024266481399536133,0.09135687680912968
183,1.08251953125,-7.10168678650291,4.2759809494018555,0.024202346801757812,0.0950249933273805
184,1.062744140625,-7.102352153841655,4.3002564907073975,0.024275541305541992,0.09259611921919755
185,1.067626953125,-7.10406820578014,4.324542999267578,0.024286508560180664,0.09189164874798399
186,1.085205078125,-7.114049010933169,4.349039316177368,0.02449631690979004,0.08557485469822872
187,1.068603515625,-7.11576975648857,4.3733696937561035,0.02433037757873535,0.08365118140487979
188,1.066650390625,-7.122927877720527,4.397902250289917,0.024532556533813477,0.08096506629808005
189,1.0703125,-7.129035429922503,4.422199726104736,0.024297475814819336,0.07677563783746967
190,1.07080078125,-7.130756175477904,4.446497201919556,0.024297475814819336,0.07946049545298237
191,1.07373046875,-7.129035429922503,4.470756530761719,0.024259328842163086,0.07260783812140516
192,1.074951171875,-7.124263386538108,4.495121955871582,0.02436542510986328,0.07651214249317599
193,1.076416015625,-7.113773400525191,4.519418478012085,0.02429652214050293,0.07860796516585832
194,1.075927734375,-7.105508858541174,4.543698787689209,0.024280309677124023,0.08614089117891845
195,1.073974609375,-7.107068785641088,4.5681023597717285,0.02440357208251953,0.082901969559394
196,1.069580078125,-7.105072713768684,4.5924036502838135,0.02430129051208496,0.07960527684556397
197,1.08642578125,-7.11112454990521,4.616671085357666,0.02426743507385254,0.07129150431735651
198,1.073974609375,-7.103966308574064,4.640946626663208,0.024275541305541992,0.0765160283086269
199,1.068115234375,-7.101809170127024,4.665312051773071,0.02436542510986328,0.07461926492481401
200,1.07275390625,-7.106861352085757,4.689615488052368,0.024303436279296875,0.06717533014026195
201,1.07568359375,-7.096880282798277,4.713908910751343,0.02429342269897461,0.06837498540590894
202,1.068359375,-7.096443907565041,4.738402366638184,0.02449345588684082,0.07313533368086199
203,1.072265625,-7.095337383115639,4.7626566886901855,0.024254322052001953,0.08273739233467275
204,1.072265625,-7.094057828513051,4.787036180496216,0.024379491806030273,0.08822605634489779
205,1.07275390625,-7.099500021319662,4.811327695846558,0.024291515350341797,0.08194900190637844
206,1.06689453125,-7.099500021319662,4.835665941238403,0.024338245391845703,0.07886900913543893
207,1.069091796875,-7.107099783048059,4.86003041267395,0.024364471435546875,0.06668601452933043
208,1.066162109375,-7.123132313296421,4.8843419551849365,0.024311542510986328,0.049040983402611885
209,1.070556640625,-7.124238766202328,4.908846378326416,0.024504423141479492,0.040880922631948605
210,1.075927734375,-7.12467998873627,4.933037757873535,0.02419137954711914,0.03263137703973397
211,1.0732421875,-7.125959543338858,4.957397222518921,0.024359464645385742,0.033386139688088096
212,1.0673828125,-7.1241875774069126,4.981708765029907,0.024311542510986328,0.030850130239581372
213,1.066162109375,-7.113363929545719,5.005956172943115,0.024247407913208008,0.0378693374367167
214,1.078857421875,-7.110541680849454,5.030203580856323,0.024247407913208008,0.03950650472266923
215,1.077880859375,-7.104490150859517,5.054450988769531,0.024247407913208008,0.042748754731989094
216,1.06201171875,-7.102333314309916,5.078845500946045,0.024394512176513672,0.04497342919597528
217,1.064697265625,-7.111492345133903,5.10311484336853,0.02426934242248535,0.028092678624372498
218,1.079833984375,-7.111933428037577,5.12754225730896,0.024427413940429688,0.01307285609704576
219,1.068115234375,-7.114548676274833,5.151812791824341,0.02427053451538086,0.013795395696052704
220,1.069091796875,-7.124322133023453,5.176106214523315,0.02429342269897461,-0.000620718707821849
221,1.0595703125,-7.131039182555839,5.20037055015564,0.02426433563232422,-0.0026809198645753643
222,1.070068359375,-7.1347048622351394,5.225054979324341,0.024684429168701172,-0.005155948187253191
223,1.071044921875,-7.143142664312774,5.249438524246216,0.024383544921875,-0.000542309200948346
224,1.069091796875,-7.155738429513003,5.273576974868774,0.024138450622558594,-0.005049924095073695
225,1.07275390625,-7.156632663974627,5.297946214675903,0.024369239807128906,-0.0031575910279142295
226,1.07275390625,-7.152089250840992,5.322218656539917,0.024272441864013672,-0.00673966558229823
227,1.067138671875,-7.149932112393952,5.346891164779663,0.024672508239746094,-0.011838997391519805
228,1.075439453125,-7.14949092476914,5.371280670166016,0.02438950538635254,-0.00413027565335983
229,1.0703125,-7.151877043787902,5.395661115646362,0.02438044548034668,-0.008267473804704085
230,1.0703125,-7.156649392411382,5.420005559921265,0.024344444274902344,-0.018960647470122
231,1.07177734375,-7.157984892239785,5.444271802902222,0.02426624298095703,-0.01941738481007578
232,1.065185546875,-7.152106209819331,5.468672275543213,0.02440047264099121,-0.015401969134220789
233,1.0693359375,-7.147999308671935,5.492957830429077,0.024285554885864258,-0.022104958305362552
234,1.066650390625,-7.145613229619945,5.517311334609985,0.024353504180908203,-0.02329241819607256
235,1.056396484375,-7.146948669298249,5.54565167427063,0.02834033966064453,-0.02381374946600389
236,1.07080078125,-7.136739225790538,5.575150966644287,0.029499292373657227,-0.015491248060310348
237,1.07373046875,-7.140175773947747,5.5995402336120605,0.024389266967773438,-0.018754182368186857
238,1.065185546875,-7.142125478631833,5.6238367557525635,0.02429652214050293,-0.021728751777937035
239,1.061279296875,-7.14623237977923,5.648327112197876,0.0244903564453125,-0.02850260524879065
240,1.06787109375,-7.13907391040632,5.672620534896851,0.02429342269897461,-0.03255537727766981
241,1.0673828125,-7.135352470623538,5.696890115737915,0.024269580841064453,-0.028823201876729956
242,1.058349609375,-7.136687832558757,5.721274375915527,0.024384260177612305,-0.02825443540544355
243,1.067138671875,-7.136687832558757,5.745642900466919,0.0243685245513916,-0.02496806300315983
244,1.070556640625,-7.133967528294094,5.769886255264282,0.02424335479736328,-0.02264110960844813
245,1.069580078125,-7.117705778051257,5.794174909591675,0.024288654327392578,-0.010304791619528733
246,1.073974609375,-7.114493013283772,5.818631172180176,0.024456262588500977,-0.001324644511338629
247,1.07373046875,-7.106054983250324,5.842922687530518,0.024291515350341797,0.005643513536065972
248,1.07275390625,-7.111107088058162,5.867289066314697,0.024366378784179688,0.007050868740573277
249,1.064208984375,-7.096789597683067,5.891612529754639,0.024323463439941406,0.021050776706872713
250,1.06982421875,-7.0813655506138495,5.915904998779297,0.024292469024658203,0.03281329593775261
251,1.072021484375,-7.082472214634646,5.94019341468811,0.024288415908813477,0.030871716894434468
252,1.069580078125,-7.0764203784981206,5.964502811431885,0.024309396743774414,0.031756673778537976
253,1.07080078125,-7.076861531214827,5.988958358764648,0.024455547332763672,0.02426021672949552
254,1.07470703125,-7.072089332345408,6.01321268081665,0.024254322052001953,0.021866487048108476
255,1.07177734375,-7.065876446153915,6.037662029266357,0.02444934844970703,0.02716706416303131
256,1.062255859375,-7.06415573717062,6.061951637268066,0.024289608001708984,0.026978778357117407
257,1.068603515625,-7.065435297831158,6.0863120555877686,0.02436041831970215,0.030259690630264166
258,1.072998046875,-7.057612046206811,6.11071252822876,0.02440047264099121,0.030688761015337226
259,1.064208984375,-7.051733472633133,6.135069847106934,0.024357318878173828,0.03323567023001496
260,1.07275390625,-7.0523988460964935,6.159432411193848,0.024362564086914062,0.03624513721967439
261,1.07177734375,-7.048067838179889,6.183661699295044,0.02422928810119629,0.03237673950465727
262,1.0732421875,-7.048504442176615,6.208107233047485,0.024445533752441406,0.03178213501344173
263,1.066650390625,-7.044782962087965,6.232401609420776,0.024294376373291016,0.033574818946505866
264,1.0693359375,-7.039111641265662,6.256697177886963,0.024295568466186523,0.03659057531919079
265,1.062744140625,-7.024125062189955,6.28102445602417,0.02432727813720703,0.0505918567521553
266,1.06640625,-7.019352864917973,6.305400848388672,0.024376392364501953,0.05385471123900392
267,1.07275390625,-7.0074218997548,6.3297624588012695,0.024361610412597656,0.06721578367429584
268,1.07275390625,-6.996771055831392,6.354137897491455,0.024375438690185547,0.0854893086434479
269,1.061279296875,-6.98699756284904,6.378662347793579,0.024524450302124023,0.09288386798078323
270,1.07373046875,-6.971010770100537,6.4030656814575195,0.02440333366394043,0.10410629719509341
271,1.0712890625,-6.960801009080804,6.427479028701782,0.024413347244262695,0.11195183202618164
272,1.04736328125,-6.9604669195606945,6.451775550842285,0.02429652214050293,0.11096624402584285
273,1.057861328125,-6.944429208523473,6.476029872894287,0.024254322052001953,0.11454703319126898
274,1.072265625,-6.929112818810707,6.500633478164673,0.024603605270385742,0.12298257323014596
275,1.072998046875,-6.93694138039911,6.524812936782837,0.024179458618164062,0.11342684978244404
276,1.06982421875,-6.931498950223027,6.54920220375061,0.024389266967773438,0.11567241227040334
277,1.067138671875,-6.933550978057577,6.573469638824463,0.02426743507385254,0.12055294672027347
278,1.081298828125,-6.936607261765296,6.597857236862183,0.024387598037719727,0.11876520761956931
279,1.069580078125,-6.935500705071174,6.622137546539307,0.024280309677124023,0.12132067903796624
280,1.07275390625,-6.9391663794911915,6.646501064300537,0.02436351776123047,0.12551819972324962
281,1.0654296875,-6.934622966357556,6.670773506164551,0.024272441864013672,0.13325173470756427
282,1.06982421875,-6.939726571692371,6.695159912109375,0.02438640594482422,0.13223875052417455
283,1.064697265625,-6.941006131287063,6.719536304473877,0.024376392364501953,0.1371313034429519
284,1.073974609375,-6.936233860869743,6.743819713592529,0.024283409118652344,0.14910359064479806
285,1.072021484375,-6.936233860869743,6.76815128326416,0.02433156967163086,0.14971517753924743
286,1.064697265625,-6.935182933571683,6.792449712753296,0.024298429489135742,0.1473162911522605
287,1.06884765625,-6.934797838728491,6.816642999649048,0.024193286895751953,0.14612440069086577
288,1.06640625,-6.938955700588924,6.8409504890441895,0.0243074893951416,0.1429720349024661
289,1.073486328125,-6.945672750121311,6.865323066711426,0.024372577667236328,0.1400098940098129
290,1.071044921875,-6.953496592092248,6.889670372009277,0.024347305297851562,0.1379214134085004
291,1.083984375,-6.95849758980562,6.913846731185913,0.024176359176635742,0.13539108709551517
292,1.071533203125,-6.956725623873674,6.938263177871704,0.024416446685791016,0.13258521537634146
293,1.075927734375,-6.953232985598231,6.962533712387085,0.02427053451538086,0.13216514304908278
294,1.064453125,-6.950846717417063,6.986850261688232,0.02431654930114746,0.1321677543372304
295,1.0732421875,-6.95417808212763,7.011239528656006,0.024389266967773438,0.13067658914719743
0,1.062255859375,-6.963722626425657,7.036036014556885,0.024389266967773438,0.13067658914719743
1,1.08642578125,-6.960001283981921,7.079801082611084,0.04376506805419922,0.12632556977860662
2,1.0576171875,-6.963438137371472,7.128976821899414,0.04917573928833008,0.12750915164418017
3,1.07177734375,-6.978582051057871,7.158178091049194,0.029201269149780273,0.1202031783984592
4,1.062255859375,-7.003550199838822,7.180349588394165,0.022171497344970703,0.1042291348544299
5,1.061767578125,-7.006601768064335,7.202088117599487,0.021738529205322266,0.09697841826383287
6,1.06787109375,-7.006987222022234,7.223768711090088,0.021680593490600586,0.09412647866954656
7,1.073486328125,-7.005880701101449,7.245440244674683,0.021671533584594727,0.09589017869859913
8,1.073974609375,-7.004774105104146,7.267454624176025,0.022014379501342773,0.09672796141332855
9,1.064208984375,-7.009546530875613,7.289224147796631,0.02176952362060547,0.09120407252002104
10,1.062255859375,-7.007440397812426,7.310817718505859,0.021593570709228516,0.08167098525050186
11,1.063232421875,-7.002668125664541,7.332424163818359,0.0216064453125,0.08316273266137911
12,1.0654296875,-6.997790211751094,7.354184627532959,0.02176046371459961,0.08110937832221345
13,1.065673828125,-7.006335306062814,7.375855207443237,0.02167057991027832,0.07799306869281052
14,1.069580078125,-7.015774985323628,7.397604703903198,0.021749496459960938,0.06094895102129701
15,1.068603515625,-7.022828518969321,7.419284105300903,0.021679401397705078,0.044944156032840084
16,1.060302734375,-7.023727294907629,7.440953731536865,0.021669626235961914,0.045012275182299354
17,1.0703125,-7.030780451038945,7.4626240730285645,0.02167034149169922,0.035438515746527725
18,1.075927734375,-7.025902568915074,7.4843056201934814,0.021681547164916992,0.03948880692558444
19,1.06494140625,-7.040784321441294,7.505962133407593,0.021656513214111328,0.024756660624929996
20,1.070556640625,-7.041785596053859,7.527678728103638,0.021716594696044922,0.019753011050045007
21,1.066162109375,-7.057718487795854,7.549357175827026,0.021678447723388672,0.006322911572026764
22,1.0654296875,-7.056998590561361,7.571026563644409,0.021669387817382812,0.007752046114242663
23,1.066162109375,-7.058609334180075,7.592706203460693,0.02167963981628418,0.0011701064018733902
24,1.072021484375,-7.06538279075409,7.614447593688965,0.021741390228271484,-0.008044792506733995
25,1.07177734375,-7.0683800770755605,7.636128187179565,0.021680593490600586,-0.009893727885327655
26,1.07080078125,-7.070381034993606,7.657886743545532,0.021758556365966797,-0.014405608274150723
27,1.07177734375,-7.085699763073815,7.679592132568359,0.02170538902282715,-0.02587055200373949
28,1.07373046875,-7.0931386200183395,7.701275587081909,0.021683454513549805,-0.03414136570952187
29,1.069580078125,-7.086976766999393,7.72296404838562,0.021688461303710938,-0.03329674616768966
30,1.065185546875,-7.091694721923049,7.74468469619751,0.02172064781188965,-0.047184257969312034
31,1.06982421875,-7.090253825616742,7.766386032104492,0.021701335906982422,-0.04934050139122966
32,1.06982421875,-7.0881988501079665,7.78812050819397,0.02173447608947754,-0.05592709142813253
33,1.07080078125,-7.093972705978938,7.809784173965454,0.021663665771484375,-0.06765163151341795
34,1.08544921875,-7.098025875856012,7.831933498382568,0.022149324417114258,-0.07734351990762296
35,1.06787109375,-7.103795035972023,7.856259107589722,0.02432560920715332,-0.09221470281764542
36,1.072265625,-7.103795035972023,7.880680561065674,0.02442145347595215,-0.09918477054165277
37,1.066162109375,-7.113675911170421,7.905115842819214,0.02443528175354004,-0.10615343224751052
38,1.066162109375,-7.121170551899975,7.929434299468994,0.024318456649780273,-0.12231040573082262
39,1.072265625,-7.118347847749634,7.953726768493652,0.024292469024658203,-0.13074923168607822
40,1.057861328125,-7.128121413205451,7.978121280670166,0.024394512176513672,-0.13203051451211706
41,1.072021484375,-7.130787781924933,8.00245475769043,0.024333477020263672,-0.1375759265943551
42,1.07373046875,-7.124575134826818,8.026684999465942,0.024230241775512695,-0.13189326909518895
43,1.070556640625,-7.121189750600739,8.05108642578125,0.024401426315307617,-0.12749229622632702
44,1.074462890625,-7.115980776472144,8.075486898422241,0.02440047264099121,-0.12469389339834938
45,1.063720703125,-7.113594622544252,8.099859476089478,0.024372577667236328,-0.12055454769493291
46,1.072998046875,-7.107542633321149,8.124169826507568,0.02431035041809082,-0.11952516433333911
47,1.069091796875,-7.108208002390459,8.14873719215393,0.024567365646362305,-0.11648854269465746
48,1.064453125,-7.1139847420545825,8.17306661605835,0.024329423904418945,-0.11957098691526331
49,1.070556640625,-7.115425802578477,8.19749116897583,0.02442455291748047,-0.12382972680771888
50,1.06640625,-7.116761415742644,8.221842527389526,0.02435135841369629,-0.12474385319954563
51,1.075927734375,-7.121427891559408,8.246127128601074,0.02428460121154785,-0.1286673305920088
52,1.08349609375,-7.129480363178231,8.270342588424683,0.0242154598236084,-0.13447485978989
53,1.05712890625,-7.128653939866929,8.294631004333496,0.024288415908813477,-0.13105689117269176
54,1.06884765625,-7.124111091897223,8.31906533241272,0.024434328079223633,-0.12336490158343637
55,1.07373046875,-7.131549658350926,8.343364715576172,0.02429938316345215,-0.12311120785740812
56,1.06689453125,-7.138551575951923,8.369425296783447,0.02606058120727539,-0.12414160146571399
57,1.069091796875,-7.139216944156001,8.39376163482666,0.02433633804321289,-0.12580682080166838
58,1.072021484375,-7.148761335241091,8.418190956115723,0.0244293212890625,-0.13471679646278484
59,1.07080078125,-7.158639255829596,8.442577600479126,0.02438664436340332,-0.14310326356670786
60,1.068359375,-7.153150107343964,8.466835975646973,0.02425837516784668,-0.1370554316750261
61,1.06982421875,-7.1573081914293395,8.49131727218628,0.02448129653930664,-0.14130338752223456
62,1.076904296875,-7.1620807669640625,8.515809774398804,0.024492502212524414,-0.14338621132377677
63,1.072021484375,-7.151590743787726,8.540179252624512,0.024369478225708008,-0.12756851000774364
64,1.0712890625,-7.139764908934917,8.573821544647217,0.03364229202270508,-0.10294094071910652
65,1.08984375,-7.141814429002107,8.598301887512207,0.024480342864990234,-0.10199669124719893
66,1.067138671875,-7.144637133152447,8.622653245925903,0.02435135841369629,-0.10363230658390198
67,1.072265625,-7.134146990332871,8.647130727767944,0.024477481842041016,-0.09734056886085675
68,1.05615234375,-7.139923840522223,8.671473264694214,0.02434253692626953,-0.10213360228675154
69,1.0712890625,-7.137201470209988,8.695822715759277,0.024349451065063477,-0.09661644785621186
70,1.057373046875,-7.139692833872868,8.720194101333618,0.02437138557434082,-0.09994578354866493
71,1.072509765625,-7.136305095356555,8.74453353881836,0.02433943748474121,-0.10130720693792661
72,1.06884765625,-7.14528982980473,8.768949031829834,0.02441549301147461,-0.11117649396798097
73,1.06689453125,-7.159940154977309,8.79335641860962,0.024407386779785156,-0.11460855559424174
74,1.05517578125,-7.158273477709056,8.8177969455719,0.024440526962280273,-0.10623836441899334
75,1.069580078125,-7.157328142409774,8.842164278030396,0.024367332458496094,-0.10016916997707948
76,1.068115234375,-7.153275156657178,8.866617679595947,0.024453401565551758,-0.09671551113364715
77,1.071044921875,-7.145785125003005,8.890972137451172,0.02435445785522461,-0.08616521758618156
78,1.06884765625,-7.146504532922979,8.915400505065918,0.024428367614746094,-0.09040568759175292
79,1.07275390625,-7.141451982466748,8.939789056777954,0.024388551712036133,-0.07550000289409983
80,1.08837890625,-7.151721163235079,8.964102506637573,0.02431344985961914,-0.08177100001203605
81,1.07275390625,-7.156547596317562,8.98853588104248,0.024433374404907227,-0.07281383071913919
82,1.06640625,-7.162704525275816,9.012868404388428,0.024332523345947266,-0.07758474329086999
83,1.070068359375,-7.159316786759503,9.037306785583496,0.02443838119506836,-0.07403605638806973
84,1.070068359375,-7.154598248678351,9.06164026260376,0.024333477020263672,-0.06561175645764644
85,1.03564453125,-7.155317428031259,9.085912704467773,0.024272441864013672,-0.06380145697014965
86,1.081298828125,-7.150879191765752,9.110275983810425,0.024363279342651367,-0.05923260745170591
87,1.070068359375,-7.142104912564658,9.1346116065979,0.024335622787475586,-0.04146077755912041
88,1.0693359375,-7.137666514373012,9.159047842025757,0.024436235427856445,-0.03271581298229882
89,1.063720703125,-7.1424389420082335,9.183342456817627,0.024294614791870117,-0.040724932373550064
90,1.071044921875,-7.143155511231632,9.20776891708374,0.02442646026611328,-0.037593685360785375
91,1.078369140625,-7.149597191296484,9.232148170471191,0.024379253387451172,-0.04310409553752448
92,1.06982421875,-7.145829004403992,9.256550788879395,0.024402618408203125,-0.04210629217292604
93,1.071533203125,-7.1468283470142895,9.280894041061401,0.024343252182006836,-0.038348451686949066
94,1.07177734375,-7.14787923705751,9.305330514907837,0.024436473846435547,-0.036015319090734445
95,1.064208984375,-7.151652049750644,9.329692125320435,0.024361610412597656,-0.0346437036810906
96,1.07080078125,-7.1672484335199655,9.354129552841187,0.024437427520751953,-0.04528065510602908
97,1.071044921875,-7.170304717227685,9.379292964935303,0.02516341209411621,-0.04056545926049523
98,1.05517578125,-7.168969181805315,9.403687238693237,0.02439427375793457,-0.03451653830368753
99,1.070556640625,-7.175021017941841,9.4284348487854,0.024747610092163086,-0.040528853656385116
100,1.066650390625,-7.168299018644412,9.452762126922607,0.02432727813720703,-0.02924616404441884
101,1.0703125,-7.182616295967426,9.477258682250977,0.02449655532836914,-0.03716090889629782
102,1.078369140625,-7.178950699749057,9.501634120941162,0.024375438690185547,-0.038927905776542454
103,1.066650390625,-7.1824433380245,9.52585744857788,0.02422332763671875,-0.043643273336048734
104,1.070556640625,-7.1817730921990774,9.5502028465271,0.02434539794921875,-0.04674240186876352
105,1.081298828125,-7.183878923486569,9.574522495269775,0.02431964874267578,-0.049817284069645106
106,1.076904296875,-7.187980876936048,9.599026918411255,0.024504423141479492,-0.05675634186020569
107,1.071533203125,-7.179106039120641,9.623496294021606,0.024469375610351562,-0.050260090431378183
108,1.0693359375,-7.178106811621753,9.64794373512268,0.02444744110107422,-0.045621575674967836
109,1.0771484375,-7.174000279439823,9.672300100326538,0.024356365203857422,-0.0418282006844231
110,1.068603515625,-7.193089690488964,9.696789503097534,0.024489402770996094,-0.05390568759546681
111,1.063720703125,-7.193703878551474,9.721122026443481,0.024332523345947266,-0.05112374816610855
112,1.082763671875,-7.209690149030437,9.745534420013428,0.02441239356994629,-0.05649554945147415
113,1.073486328125,-7.213021814336744,9.769776821136475,0.024242401123046875,-0.0593531617018424
114,1.0703125,-7.223180398543012,9.794073343276978,0.02429652214050293,-0.0694203166573211
115,1.0673828125,-7.218408352746735,9.818522691726685,0.02444934844970703,-0.0610652747421021
116,1.062744140625,-7.222744233890735,9.842834234237671,0.024311542510986328,-0.05955974338077672
117,1.068115234375,-7.231852424152525,9.86724066734314,0.02440643310546875,-0.0653238695748771
118,1.069580078125,-7.228796181614616,9.891546964645386,0.024306297302246094,-0.05671665644256853
119,1.0537109375,-7.233568302282387,9.91588544845581,0.024338483810424805,-0.05323363184213174
120,1.0712890625,-7.235179269341759,9.94021987915039,0.024334430694580078,-0.058108292334518495
121,1.076904296875,-7.245055112596064,9.964538335800171,0.024318456649780273,-0.062045916872352606
122,1.06884765625,-7.242227915734345,9.98893690109253,0.0243985652923584,-0.05686701401091336
123,1.066650390625,-7.226195634409501,10.01319432258606,0.024257421493530273,-0.05302592575955978
124,1.066162109375,-7.227531092088825,10.037670612335205,0.024476289749145508,-0.059793895736314086
125,1.069091796875,-7.231586948636892,10.066136121749878,0.02846550941467285,-0.06077326467427765
126,1.0634765625,-7.2315869486368936,10.090490579605103,0.02435445785522461,-0.0588413367557989
127,1.064208984375,-7.22963737904181,10.114742040634155,0.024251461029052734,-0.06464422361337398
128,1.0654296875,-7.2310241154835015,10.13918948173523,0.02444744110107422,-0.06163435912617541
129,1.075439453125,-7.24362046792209,10.163546800613403,0.024357318878173828,-0.07211690476390066
130,1.0693359375,-7.229303185007709,10.18796420097351,0.024417400360107422,-0.060640559897497476
131,1.066650390625,-7.228969225731799,10.212204694747925,0.024240493774414062,-0.06273073152602571
132,1.06982421875,-7.22353173685995,10.236555099487305,0.024350404739379883,-0.05287581574184515
133,1.083984375,-7.227253429941439,10.260913610458374,0.024358510971069336,-0.04541826163966718
134,1.06396484375,-7.226202770266106,10.285299062728882,0.024385452270507812,-0.045836722796840944
135,1.077880859375,-7.218379050862153,10.30963945388794,0.024340391159057617,-0.04112615121197061
136,1.076904296875,-7.226207612450555,10.333954811096191,0.024315357208251953,-0.04925453095829888
137,1.0673828125,-7.225771026453644,10.358506441116333,0.0245516300201416,-0.05408386712214664
138,1.05615234375,-7.222714783915735,10.382840871810913,0.024334430694580078,-0.051499816501442905
139,1.060302734375,-7.232259189931176,10.407313108444214,0.02447223663330078,-0.06145279138154904
140,1.07275390625,-7.232259189931176,10.431639671325684,0.024326562881469727,-0.05441335379479274
141,1.086181640625,-7.222044616697443,10.455973148345947,0.024333477020263672,-0.044124871299975534
142,1.05908203125,-7.222044616697443,10.480363607406616,0.024390459060668945,-0.039907656291953746
143,1.07666015625,-7.217713608780838,10.50467586517334,0.024312257766723633,-0.03924903578303196
144,1.078857421875,-7.228593694231774,10.529151439666748,0.024475574493408203,-0.049889697049393326
145,1.077392578125,-7.232315522268196,10.553455829620361,0.02430438995361328,-0.051948105759774196
146,1.077880859375,-7.225822651584512,10.577904224395752,0.024448394775390625,-0.050558015165177245
147,1.067138671875,-7.2367490029690895,10.602253675460815,0.024349451065063477,-0.06404607858428531
148,1.06201171875,-7.229256106308669,10.62669825553894,0.024444580078125,-0.061964510942360246
149,1.071044921875,-7.225819214095818,10.650999546051025,0.02430129051208496,-0.056333375687297904
150,1.064453125,-7.230155055734127,10.675409078598022,0.02440953254699707,-0.05880492991565568
151,1.0615234375,-7.2222800153961995,10.699838399887085,0.0244293212890625,-0.04902846118500053
152,1.07568359375,-7.227332503405314,10.724171876907349,0.024333477020263672,-0.05506267094642401
153,1.072021484375,-7.228278087130299,10.748650312423706,0.024478435516357422,-0.055022289518645254
154,1.069091796875,-7.22727874452,10.772848844528198,0.024198532104492188,-0.05361724563340172
155,1.069580078125,-7.225172913232509,10.797237157821655,0.02438831329345703,-0.04959702817079436
156,1.06591796875,-7.225843237663712,10.821576595306396,0.02433943748474121,-0.03941908792310229
157,1.078125,-7.222452473834176,10.845891237258911,0.02431464195251465,-0.03507057088690845
158,1.058349609375,-7.220066317106984,10.870241641998291,0.024350404739379883,-0.03434982787597778
159,1.068115234375,-7.21357835947701,10.894553899765015,0.024312257766723633,-0.02582646499002136
160,1.062744140625,-7.201647758363865,10.919023513793945,0.024469614028930664,-0.022305586521349716
161,1.0693359375,-7.1982108661510145,10.943235874176025,0.024212360382080078,-0.010198775206061746
162,1.076416015625,-7.191769297460342,10.96769642829895,0.024460554122924805,-0.00831603457144108
163,1.078125,-7.193438885896063,10.991992712020874,0.024296283721923828,-0.007058250303438361
164,1.062255859375,-7.190002298920099,11.016305208206177,0.024312496185302734,-0.005161251233486791
165,1.0791015625,-7.181127689472926,11.040619611740112,0.024314403533935547,0.002365142561756081
166,1.070068359375,-7.175685248106086,11.064913988113403,0.024294376373291016,0.008888760474274272
167,1.053466796875,-7.1661402430723875,11.089328527450562,0.024414539337158203,0.009359829418256341
168,1.07470703125,-7.172964633265787,11.113646984100342,0.024318456649780273,0.004001522152069466
169,1.070068359375,-7.16785843907358,11.138102293014526,0.02445530891418457,0.004671437973535217
170,1.072021484375,-7.170578439965271,11.16240382194519,0.024301528930664062,0.015797598764170882
171,1.0634765625,-7.164424289792456,11.18670129776001,0.024297475814819336,0.020439681503241457
172,1.071044921875,-7.166476409568535,11.211029767990112,0.02432847023010254,0.029947879107423296
173,1.075927734375,-7.164806711609259,11.235717058181763,0.02468729019165039,0.033365633020763626
174,1.066162109375,-7.174017541299786,11.26021671295166,0.02449965476989746,0.03406815040947062
175,1.070068359375,-7.182891465676099,11.28450894355774,0.0242922306060791,0.024726820945264006
176,1.074462890625,-7.187995071010915,11.308952569961548,0.024443626403808594,0.024219417049011704
177,1.07080078125,-7.200205913481443,11.333218812942505,0.02426624298095703,0.022052504563057265
178,1.06689453125,-7.204978189498267,11.357726335525513,0.024507522583007812,0.016711409574817027
179,1.06591796875,-7.198153795435883,11.382039785385132,0.02431344985961914,0.024657358774459345
180,1.072998046875,-7.209414712303279,11.406375169754028,0.024335384368896484,0.01804840441715023
181,1.0703125,-7.219963173676388,11.430684566497803,0.024309396743774414,0.01758473091280833
182,1.067138671875,-7.216526281463537,11.45491909980774,0.024234533309936523,0.018017104719490973
183,1.074951171875,-7.2216301575916715,11.479320526123047,0.024401426315307617,0.0035156754183903213
184,1.0673828125,-7.228788630570056,11.503612041473389,0.024291515350341797,-0.00048647426398448025
185,1.07080078125,-7.234896438140312,11.527962446212769,0.024350404739379883,-0.0022922514069158633
186,1.08056640625,-7.238998084635942,11.552409887313843,0.02444744110107422,-0.005088485771261878
187,1.068359375,-7.234942080188373,11.578876256942749,0.02646636962890625,-0.00387412778510447
188,1.072021484375,-7.2458733630642085,11.60319471359253,0.024318456649780273,-0.010420501854743473
189,1.072998046875,-7.2370455262721665,11.627657175064087,0.024462461471557617,0.00421318739780481
190,1.072265625,-7.241101234929449,11.651954650878906,0.024297475814819336,-0.008341390469581452
191,1.072265625,-7.235663594577486,11.67613410949707,0.024179458618164062,-0.004822892921065487
192,1.068115234375,-7.24592486745293,11.700617551803589,0.024483442306518555,-0.015529767848175668
193,1.06884765625,-7.251642689486428,11.724906921386719,0.024289369583129883,-0.016906702816544553
194,1.076416015625,-7.253695046198569,11.749274253845215,0.024367332458496094,-0.019028557073260056
195,1.09033203125,-7.254745569055217,11.77342677116394,0.024152517318725586,-0.02511063811991127
196,1.070556640625,-7.259183805320723,11.797879219055176,0.02445244789123535,-0.02276972526361233
197,1.058837890625,-7.25169404091211,11.822192668914795,0.02431344985961914,-0.017931927077477528
198,1.06787109375,-7.256800820217871,11.846505165100098,0.024312496185302734,-0.023525941333283798
199,1.066162109375,-7.255465440282836,11.870786666870117,0.02428150177001953,-0.01610918595404117
200,1.067138671875,-7.254795273064544,11.895155906677246,0.024369239807128906,-0.015650843645187804
201,1.06689453125,-7.259567625821368,11.919508457183838,0.024352550506591797,-0.025913240698664453
202,1.0556640625,-7.2564649382402635,11.943889856338501,0.024381399154663086,-0.02379230172559571
203,1.0810546875,-7.249306243422368,11.968308448791504,0.02441859245300293,-0.021875221295953214
204,1.068359375,-7.242812934534845,11.992602825164795,0.024294376373291016,-0.01001181281205149
205,1.0673828125,-7.249971292404874,12.016884326934814,0.02428150177001953,-0.012373030571497745
206,1.073486328125,-7.238040316910716,12.041294574737549,0.024410247802734375,-0.008653120448490932
207,1.079833984375,-7.250305918555659,12.06570315361023,0.024408578872680664,-0.009549470451886794
208,1.0751953125,-7.240044344298561,12.090092658996582,0.02438950538635254,-0.007645947214156115
209,1.07275390625,-7.237658149200858,12.11567997932434,0.02558732032775879,-0.008448804655653322
210,1.076904296875,-7.241426296856348,12.140016317367554,0.02433633804321289,-0.008068925184210327
211,1.07177734375,-7.244529099549091,12.164318799972534,0.02430248260498047,-0.015569499966202294
212,1.075927734375,-7.2438125321895495,12.188680171966553,0.024361371994018555,-0.011618677498560851
213,1.077392578125,-7.238035903047474,12.213013648986816,0.024333477020263672,-0.007018284644187247
214,1.076904296875,-7.238367236023041,12.237423181533813,0.02440953254699707,-0.00793281083499095
215,1.069580078125,-7.242805555472053,12.261708498001099,0.024285316467285156,-0.012417864859200666
216,1.063720703125,-7.232926070316537,12.286057949066162,0.024349451065063477,-0.005196562183665648
217,1.0693359375,-7.236694335686113,12.310442447662354,0.024384498596191406,-0.010096376526627359
218,1.076904296875,-7.231256526580259,12.334754943847656,0.024312496185302734,-0.008001865738924318
219,1.063720703125,-7.237033045203669,12.359296321868896,0.024541378021240234,-0.016372503528477706
220,1.07470703125,-7.230210713589726,12.383617877960205,0.024321556091308594,-0.019823544493746983
221,1.073974609375,-7.220665858317131,12.408066272735596,0.024448394775390625,-0.015682537457163692
222,1.07470703125,-7.218279665016615,12.432411670684814,0.02434539794921875,-0.018438054520970023
223,1.078125,-7.226103743168899,12.456761121749878,0.024349451065063477,-0.022648167344798065
224,1.06689453125,-7.212836982981579,12.481087684631348,0.024326562881469727,-0.015914660353084545
225,1.067626953125,-7.198186318941143,12.505489110946655,0.024401426315307617,-0.011991193111883921
226,1.0703125,-7.197520935606755,12.52988052368164,0.02439141273498535,-0.015270213363079321
227,1.07080078125,-7.19580019878625,12.55418086051941,0.024300336837768555,-0.020605955647236187
228,1.07177734375,-7.18692088206307,12.578656435012817,0.024475574493408203,-0.009882476840367992
229,1.084228515625,-7.190974051940145,12.602901697158813,0.024245262145996094,-0.016148654322408786
230,1.07470703125,-7.189258140106448,12.627323150634766,0.02442145347595215,-0.013112160512825191
231,1.074462890625,-7.178709678733339,12.65162968635559,0.024306535720825195,-0.01010061351858937
232,1.0673828125,-7.194408457753139,12.675929069519043,0.02429938316345215,-0.01946238254093892
233,1.06689453125,-7.190021149916475,12.700257539749146,0.02432847023010254,-0.017584008323141824
234,1.057861328125,-7.186630824593579,12.724627017974854,0.024369478225708008,-0.008999353066293073
235,1.07373046875,-7.18934842861253,12.749091386795044,0.02446436882019043,-0.004762441350542671
236,1.06689453125,-7.179804337017925,12.773271799087524,0.02418041229248047,0.005295796461271409
237,1.07763671875,-7.197173076932651,12.797770261764526,0.024498462677001953,0.0018662997487085442
238,1.07666015625,-7.192400800915826,12.822096824645996,0.024326562881469727,0.00838134144931216
239,1.066162109375,-7.1821392266587285,12.846529245376587,0.02443242073059082,0.010703247400659007
240,1.08642578125,-7.18419158337087,12.8709237575531,0.024394512176513672,0.017013355725855106
241,1.064697265625,-7.192351594035067,12.895333051681519,0.02440929412841797,0.01867378794688605
242,1.066162109375,-7.186138571741808,12.91970443725586,0.02437138557434082,0.02055900559434965
243,1.071533203125,-7.186138571741808,12.944024085998535,0.02431964874267578,0.024045056001256112
244,1.07177734375,-7.173537197484861,12.968473434448242,0.02444934844970703,0.03754668308495866
245,1.054931640625,-7.171816424092058,12.992790937423706,0.024317502975463867,0.04290655921171332
246,1.070556640625,-7.1728206291933905,13.017437219619751,0.024646282196044922,0.04502371542724513
247,1.06640625,-7.166663664052963,13.041746854782104,0.024309635162353516,0.04669073822662833
248,1.0556640625,-7.171767269387777,13.075336933135986,0.033590078353881836,0.05165020050004383
249,1.065185546875,-7.177875076958032,13.099661350250244,0.024324417114257812,0.04145069065525548
250,1.070068359375,-7.187085552008259,13.123854875564575,0.024193525314331055,0.03788767284227355
251,1.068359375,-7.194960365860471,13.148289203643799,0.024434328079223633,0.028768145777231777
252,1.0693359375,-7.18780178056613,13.172617673873901,0.02432847023010254,0.04065744498699473
253,1.072998046875,-7.1969615101795785,13.197036266326904,0.02441859245300293,0.038328967914079574
254,1.067626953125,-7.206506358263421,13.221274614334106,0.02423834800720215,0.033169543695838515
255,1.077392578125,-7.197295895747622,13.245697021484375,0.024422407150268555,0.04017999402350057
256,1.072509765625,-7.198346785790843,13.270009517669678,0.024312496185302734,0.04248466915335123
257,1.079833984375,-7.2021196789597255,13.294327020645142,0.024317502975463867,0.034764642586323106
258,1.068603515625,-7.212101041224534,13.318700313568115,0.024373292922973633,0.03144009334096831
259,1.074951171875,-7.218255344741956,13.343004941940308,0.024304628372192383,0.026303242310591685
260,1.06640625,-7.218925595278112,13.367537260055542,0.024532318115234375,0.02538954791406399
261,1.06640625,-7.22298137787971,13.3918616771698,0.024324417114257812,0.02587675169105348
262,1.079345703125,-7.219591052556815,13.41627025604248,0.024408578872680664,0.02607079477175289
263,1.0498046875,-7.229806158632593,13.440691709518433,0.02442145347595215,0.014213297111138702
264,1.068115234375,-7.220646393574237,13.465067148208618,0.024375438690185547,0.016021668080690835
265,1.06494140625,-7.2240833409621,13.489479541778564,0.02441239356994629,0.01858866907044261
266,1.072509765625,-7.232246682190114,13.513774871826172,0.024295330047607422,0.004842441275413823
267,1.0732421875,-7.237019181111509,13.538214445114136,0.024439573287963867,0.009963014711761727
268,1.06982421875,-7.241791606882975,13.562540769577026,0.024326324462890625,-0.00031899992997085487
269,1.077392578125,-7.23124258933817,13.586891174316406,0.024350404739379883,0.005347006784450668
270,1.076416015625,-7.231576772404931,13.61135458946228,0.024463415145874023,0.007699935781974711
271,1.07373046875,-7.234679613470339,13.635873079299927,0.024518489837646484,0.007718656484769776
272,1.0595703125,-7.2340142292705885,13.66021466255188,0.024341583251953125,0.007684009948968279
273,1.07275390625,-7.230962651770324,13.68455195426941,0.024337291717529297,0.005817219633308514
274,1.076171875,-7.240507503315411,13.709015369415283,0.024463415145874023,-0.00045935507811566687
275,1.069580078125,-7.242893771496579,13.733305931091309,0.02429056167602539,0.000949292099018511
276,1.052734375,-7.238121345725112,13.757943391799927,0.024637460708618164,-0.0025845648432435402
277,1.088623046875,-7.23196704220769,13.782256841659546,0.02431344985961914,0.00420974681530786
278,1.070556640625,-7.239405912703978,13.806571245193481,0.024314403533935547,-0.0046170556379125
279,1.0703125,-7.24046134760798,13.83096957206726,0.024398326873779297,-0.0014150515654691006
280,1.07177734375,-7.24046134760798,13.855369091033936,0.024399518966674805,-0.00609014416530832
281,1.072509765625,-7.238075154307466,13.879724502563477,0.024355411529541016,-0.010964051097098863
282,1.0693359375,-7.226144562180159,13.904031991958618,0.0243074893951416,-0.004417293534718589
283,1.06494140625,-7.224423788787355,13.928524494171143,0.024492502212524414,0.0021090693209490346
284,1.073486328125,-7.226144562180159,13.952834844589233,0.02431035041809082,-0.008160007893941177
285,1.06787109375,-7.219371101613141,13.977275371551514,0.024440526962280273,-0.013547698313803487
286,1.06591796875,-7.232303582636081,14.001554727554321,0.024279356002807617,-0.02287991145973708
287,1.08837890625,-7.228867112426651,14.025870323181152,0.024315595626831055,-0.02170463495437032
0,1.07080078125,-7.230202746297194,14.050691604614258,0.024315595626831055,-0.02170463495437032
1,1.077880859375,-7.233639943760639,14.084330797195435,0.03363919258117676,-0.029453987095797836
2,1.048095703125,-7.2183213093647405,14.137405633926392,0.05307483673095703,-0.021857370677959113
3,1.07275390625,-7.224477665904161,14.166125059127808,0.028719425201416016,-0.02660111378267637
4,1.07470703125,-7.223866307534827,14.188153505325317,0.022028446197509766,-0.03337150056158415
5,1.072021484375,-7.2279219422499486,14.209758996963501,0.021605491638183594,-0.02573244144916701
6,1.069580078125,-7.235080634471859,14.231390476226807,0.021631479263305664,-0.034253691415614164
7,1.065673828125,-7.232694441171344,14.253087997436523,0.021697521209716797,-0.03473946471768621
8,1.07080078125,-7.236462510356318,14.274797439575195,0.021709442138671875,-0.0357808655756623
9,1.06494140625,-7.238178647778053,14.296689987182617,0.021892547607421875,-0.04366574126539712
10,1.07958984375,-7.2425659306172125,14.318435430526733,0.02174544334411621,-0.03521213752319672
11,1.068359375,-7.246334039036931,14.34009313583374,0.021657705307006836,-0.04138147372639625
12,1.06640625,-7.245283764992251,14.361836433410645,0.021743297576904297,-0.04757638898818475
13,1.05615234375,-7.234298616427883,14.383497953414917,0.02166152000427246,-0.03772206863586424
14,1.072021484375,-7.247226474759408,14.405149459838867,0.021651506423950195,-0.04210188262880412
15,1.0498046875,-7.2540002054718995,14.426876068115234,0.021726608276367188,-0.05154691968732081
16,1.019287109375,-7.249736749484706,14.448612451553345,0.02173638343811035,-0.04827785701234166
17,1.07373046875,-7.255120683920409,14.470457077026367,0.02184462547302246,-0.060975728858521115
18,1.066650390625,-7.270719826222106,14.492122650146484,0.021665573120117188,-0.07415505391733666
19,1.066162109375,-7.268228533875128,14.513688087463379,0.02156543731689453,-0.07155060145284332
20,1.071044921875,-7.276613001964193,14.535415649414062,0.021727561950683594,-0.0822033266240326
21,1.07568359375,-7.283001640489586,14.55730414390564,0.02188849449157715,-0.08453556183144895
22,1.0673828125,-7.28977026271582,14.57899260520935,0.021688461303710938,-0.08555199889491234
23,1.31640625,-7.2934336818721635,14.600647211074829,0.021654605865478516,-0.08202658318425
24,1.38232421875,-7.293328576307673,14.62232756614685,0.021680355072021484,-0.07657436956720488
25,1.319091796875,-7.282342493992323,14.643998146057129,0.02167057991027832,-0.07302918377522585
26,1.138427734375,-7.290446749022078,14.66569471359253,0.02169656753540039,-0.07300275266827119
27,1.228759765625,-7.296393980732346,14.687495231628418,0.021800518035888672,-0.07098627123584
28,1.331787109375,-7.317375216465965,14.709145545959473,0.021650314331054688,-0.0934234006976557
29,1.267822265625,-7.330922438889052,14.730727195739746,0.021581649780273438,-0.10316498777647769
30,1.065673828125,-7.3349246208777625,14.752668619155884,0.021941423416137695,-0.10361918251713569
31,1.085205078125,-7.345420111753996,14.774286031723022,0.021617412567138672,-0.1048856908721063
32,1.1220703125,-7.343750450303633,14.795921564102173,0.02163553237915039,-0.0993792328481307
33,1.0673828125,-7.354911368543552,14.817951202392578,0.022029638290405273,-0.10736774631768921
34,1.09326171875,-7.355471419403909,14.839601755142212,0.02165055274963379,-0.10501992375865248
35,1.165771484375,-7.362525209502903,14.861754179000854,0.022152423858642578,-0.11264191731900589
36,1.071044921875,-7.358418242809584,14.886115550994873,0.024361371994018555,-0.10286076210666452
37,1.03662109375,-7.358698193043755,14.910579919815063,0.02446436882019043,-0.10931445631418031
38,1.070556640625,-7.360033671427358,14.934874534606934,0.024294614791870117,-0.10788417550052827
39,1.054931640625,-7.368189101922008,14.959203958511353,0.024329423904418945,-0.10787090869503448
40,1.0517578125,-7.366858306927626,14.983488321304321,0.02428436279296875,-0.10370294208405793
41,1.071533203125,-7.358364012816773,15.007917881011963,0.0244295597076416,-0.09463812259030216
42,1.056884765625,-7.35258727315265,15.03220534324646,0.02428746223449707,-0.09789426770912406
43,1.29150390625,-7.354973466453165,15.056379795074463,0.02417445182800293,-0.09931171289649708
44,1.10107421875,-7.3447629311817115,15.080770254135132,0.024390459060668945,-0.09022539088271843
45,1.14111328125,-7.341711353681446,15.105124473571777,0.024354219436645508,-0.08859264992998701
46,1.276611328125,-7.333166190095244,15.129492044448853,0.024367570877075195,-0.08483780330496563
47,1.16357421875,-7.336887977828479,15.153837442398071,0.02434539794921875,-0.0808829030515959
48,1.227294921875,-7.32156938031611,15.178351879119873,0.024514436721801758,-0.06883091708519164
49,1.305419921875,-7.321237820574288,15.202660322189331,0.024308443069458008,-0.0718320233964081
50,1.205810546875,-7.305919120888444,15.227081775665283,0.02442145347595215,-0.06559634627413276
51,1.285888671875,-7.309306550294235,15.25134015083313,0.02425837516784668,-0.06282458912262494
52,1.677001953125,-7.318517119320709,15.275710582733154,0.024370431900024414,-0.06840261967108963
53,1.195556640625,-7.307588181522882,15.300085067749023,0.02437448501586914,-0.06092968380481291
54,1.236083984375,-7.303146977281128,15.324401617050171,0.02431654930114746,-0.05951856087116711
55,1.5830078125,-7.2929323329076965,15.348828077316284,0.02442646026611328,-0.06072922952678595
56,1.21142578125,-7.285773640685786,15.375481367111206,0.026653289794921875,-0.05742375385925396
57,1.447021484375,-7.286777881428515,15.399815797805786,0.024334430694580078,-0.05693183279822172
58,1.30517578125,-7.282005607142208,15.424138307571411,0.024322509765625,-0.05828070602401752
59,1.141845703125,-7.280623652787233,15.448670864105225,0.024532556533813477,-0.048464292287921325
60,1.9365234375,-7.2751857503658535,15.472917079925537,0.0242462158203125,-0.04708178272855213
61,1.19873046875,-7.2646956447158315,15.497234582901001,0.024317502975463867,-0.03818912888674354
62,1.277587890625,-7.2592578140225195,15.521399021148682,0.024164438247680664,-0.03924894327334528
63,1.087646484375,-7.263418578051519,15.545742511749268,0.024343490600585938,-0.03852489075328681
64,1.34326171875,-7.24071708178257,15.570096015930176,0.024353504180908203,-0.023451351373023434
65,1.50634765625,-7.22955612210865,15.594270467758179,0.02417445182800293,-0.012628064259092317
66,1.255126953125,-7.2276652745784205,15.618645906448364,0.024375438690185547,-0.005819556409505611
67,1.388916015625,-7.214071870531388,15.642935276031494,0.024289369583129883,0.00167492327786396
68,1.411376953125,-7.197858538569642,15.66730785369873,0.024372577667236328,0.015654867673929408
69,1.484375,-7.190525107735726,15.691569328308105,0.024261474609375,0.0219991277916762
70,1.573974609375,-7.171154894062466,15.71586561203003,0.024296283721923828,0.038649235833836997
71,1.511474609375,-7.153610775558458,15.740210056304932,0.024344444274902344,0.0535600152258975
72,1.4619140625,-7.142560079482694,15.764468669891357,0.02425861358642578,0.06034724279094659
73,1.36181640625,-7.126295644855926,15.78895902633667,0.0244903564453125,0.06296371881139178
74,1.375,-7.12145352437857,15.813105344772339,0.024146318435668945,0.0762573958556568
75,1.256591796875,-7.120613756999427,15.837806940078735,0.024701595306396484,0.08202019056523507
76,1.2978515625,-7.119668309109984,15.862125396728516,0.024318456649780273,0.07939909108343829
77,1.37353515625,-7.100174958744037,15.88651180267334,0.02438640594482422,0.09682939265244878
78,1.238525390625,-7.074192585189821,15.910710334777832,0.024198532104492188,0.1267246206722764
79,1.192626953125,-7.055978399935933,15.935094594955444,0.024384260177612305,0.1372486605287038
80,1.156982421875,-7.045588445150295,15.959477186203003,0.024382591247558594,0.1507822060244709
81,1.1552734375,-7.036919175768841,15.983776569366455,0.02429938316345215,0.16159289113800454
82,1.093017578125,-7.032252394159151,16.008151054382324,0.02437448501586914,0.16998532070124625
83,1.26171875,-7.018145414866302,16.0324923992157,0.024341344833374023,0.18246403937849656
84,1.414306640625,-7.01463911348828,16.057077884674072,0.024585485458374023,0.18476018538026162
85,1.3671875,-7.007919412909393,16.081441402435303,0.02436351776123047,0.18090771134466888
86,1.24267578125,-6.999150088196305,16.10573983192444,0.024298429489135742,0.1931481770576698
87,1.295166015625,-6.995258691844093,16.1301851272583,0.024445295333862305,0.20034801468035854
88,1.35302734375,-6.9936432283702485,16.15446162223816,0.0242764949798584,0.21760868919967277
89,1.186279296875,-6.979151354815545,16.17893409729004,0.024472475051879883,0.2379401863275255
90,1.18017578125,-6.9700971913517025,16.20320749282837,0.024273395538330078,0.2471970317483703
91,1.10302734375,-6.970431395122741,16.22757911682129,0.024371623992919922,0.25506033414242446
92,0.97607421875,-6.964434020591283,16.251871347427368,0.0242922306060791,0.2578888721520508
93,1.262451171875,-6.949557160133942,16.276091814041138,0.02422046661376953,0.27656985156191516
94,1.368896484375,-6.954329810553627,16.300392389297485,0.024300575256347656,0.2737276352607784
95,1.416015625,-6.948170806492905,16.324598789215088,0.02420639991760254,0.2832752636301821
96,1.30712890625,-6.941012120067259,16.348989248275757,0.024390459060668945,0.28535723625445786
97,1.13671875,-6.938289905174372,16.37566566467285,0.026676416397094727,0.2872487184447207
98,1.2666015625,-6.938289905174372,16.40004014968872,0.02437448501586914,0.288164887449693
99,1.212646484375,-6.925023627490616,16.424243450164795,0.02420330047607422,0.30288700530723706
100,1.1484375,-6.926358774185499,16.44864296913147,0.024399518966674805,0.3010616603706378
101,1.30419921875,-6.9175847316158645,16.472926378250122,0.024283409118652344,0.30128854081109413
102,1.39453125,-6.912095734757245,16.497278928756714,0.024352550506591797,0.3010810170571373
103,1.457763671875,-6.904601255110404,16.521427392959595,0.02414846420288086,0.30789864025237335
104,1.492431640625,-6.906987523291573,16.54577374458313,0.024346351623535156,0.29928794638760137
105,1.543212890625,-6.903601681404796,16.570040225982666,0.024266481399536133,0.2995250759042092
106,1.50048828125,-6.901215375781863,16.594314575195312,0.024274349212646484,0.29531887511779875
107,1.44287109375,-6.8984949976174,16.61882209777832,0.024507522583007812,0.29971681088047414
108,1.384765625,-6.888619045256538,16.643245458602905,0.02442336082458496,0.29604154984453285
109,1.282470703125,-6.883512131163023,16.66773009300232,0.024484634399414062,0.29929049302381044
110,1.28125,-6.870579674126199,16.69204354286194,0.02431344985961914,0.2977011834871978
111,1.238037109375,-6.869473042353302,16.71634292602539,0.02429938316345215,0.3007875358497572
112,1.20556640625,-6.849153511855804,16.74061131477356,0.024268388748168945,0.3210412725163578
113,1.220703125,-6.833115800818582,16.764883756637573,0.024272441864013672,0.32458062727379405
114,1.21728515625,-6.833115800818582,16.789284229278564,0.02440047264099121,0.3215366069327826
115,1.25439453125,-6.828677618190806,16.81354570388794,0.024261474609375,0.3176158036689391
116,1.240966796875,-6.8165177477158645,16.837915182113647,0.024369478225708008,0.3214557007911059
117,1.31396484375,-6.813233203317284,16.862199544906616,0.02428436279296875,0.3243977304422774
118,1.420654296875,-6.801916057395463,16.88653302192688,0.024333477020263672,0.3288790188921254
119,1.50244140625,-6.794757365977714,16.91085648536682,0.024323463439941406,0.33284536438752776
120,1.46142578125,-6.787267611178674,16.93520998954773,0.024353504180908203,0.3342331112329434
121,1.4482421875,-6.780774294089516,16.959551334381104,0.024341344833374023,0.3314894436789927
122,1.465576171875,-6.766300012888263,16.983840703964233,0.024289369583129883,0.33767070514586645
123,1.553466796875,-6.7578615338937515,17.00824522972107,0.024404525756835938,0.34628227390051325
124,1.5380859375,-6.749160817382875,17.032541751861572,0.02429652214050293,0.33671460615946763
125,1.422119140625,-6.750386112285241,17.056740045547485,0.024198293685913086,0.328175944891615
126,1.498046875,-6.7435617374246455,17.081005573272705,0.024265527725219727,0.3315703716010251
127,1.52001953125,-6.742073554652568,17.105432987213135,0.024427413940429688,0.3232583462782739
128,1.466552734375,-6.74368407482133,17.129834413528442,0.024401426315307617,0.3110711877345717
129,1.421142578125,-6.73981027336116,17.154054880142212,0.02422046661376953,0.308699065783799
130,1.401611328125,-6.736653044851899,17.17845344543457,0.0243985652923584,0.29756826843499995
131,1.43896484375,-6.737547279313523,17.202722787857056,0.02426934242248535,0.2849431290125985
132,1.503662109375,-6.732668760081689,17.22728419303894,0.024561405181884766,0.28066126920554724
133,1.516357421875,-6.72163153453056,17.258376598358154,0.031092405319213867,0.27550902785920856
134,1.5361328125,-6.712980913398804,17.28886890411377,0.030492305755615234,0.27689512848624365
135,1.601318359375,-6.704771443787474,17.318096160888672,0.029227256774902344,0.28100992089387794
136,1.591796875,-6.7043301514319875,17.342426538467407,0.02433037757873535,0.2806642494578887
137,1.617431640625,-6.703169023745928,17.366098165512085,0.023671627044677734,0.2681592211932869
138,1.645751953125,-6.698676433301447,17.387834548950195,0.02173638343811035,0.25370869368567894
139,1.65478515625,-6.700956945864708,17.40949511528015,0.021660566329956055,0.23950454502777896
140,1.6318359375,-6.701516765645476,17.431185722351074,0.02169060707092285,0.23197235896187843
141,1.634521484375,-6.697745309231286,17.452847242355347,0.02166152000427246,0.22892801668537685
142,1.620361328125,-6.690759240088642,17.47458267211914,0.021735429763793945,0.23109388573445072
143,1.613037109375,-6.690932473102228,17.496236085891724,0.021653413772583008,0.2213014135978383
144,1.580322265625,-6.68033557811239,17.517845630645752,0.02160954475402832,0.22709747317050302
145,1.57177734375,-6.67895008149706,17.539517164230347,0.021671533584594727,0.22356616797658352
146,1.577880859375,-6.681951307591083,17.561274766921997,0.02175760269165039,0.215252166720394
147,1.569580078125,-6.673021120741205,17.582930088043213,0.02165532112121582,0.2194720077555571
148,1.559326171875,-6.659703791712523,17.604647636413574,0.021717548370361328,0.22858303384080345
149,1.556396484375,-6.658597893548363,17.626302242279053,0.021654605865478516,0.21956469308865229
150,1.53515625,-6.6568215837162095,17.648066759109497,0.021764516830444336,0.21470814714713804
151,1.55712890625,-6.651942391713907,17.66972017288208,0.021653413772583008,0.21869221596535318
152,1.527587890625,-6.64367257820206,17.691402673721313,0.0216825008392334,0.22093422420820358
153,1.564697265625,-6.644952957182851,17.713048219680786,0.021645545959472656,0.2097112424213649
154,1.568603515625,-6.638743530698572,17.73477864265442,0.021730422973632812,0.2177470555943521
155,1.54443359375,-6.629756769387808,17.756505250930786,0.021726608276367188,0.22040026004382382
156,1.58740234375,-6.631371870121652,17.778202772140503,0.021697521209716797,0.21426791566868683
157,1.6015625,-6.62277119773066,17.79985523223877,0.0216524600982666,0.21918739583610375
158,1.59375,-6.627103749811207,17.821507692337036,0.0216524600982666,0.2158524768008189
159,1.60107421875,-6.630435411279899,17.843167304992676,0.02165961265563965,0.20415351666424444
160,1.574951171875,-6.635153213370508,17.864874839782715,0.021707534790039062,0.20144327391709144
161,1.60205078125,-6.630325569899822,17.88659119606018,0.02171635627746582,0.1991263753615973
162,1.6474609375,-6.631391559295488,17.90826678276062,0.021675586700439453,0.19455010085488403
163,1.62939453125,-6.632899930212493,17.929840326309204,0.021573543548583984,0.1882123045033052
164,1.603515625,-6.640461143381279,17.951520919799805,0.021680593490600586,0.18403327918332005
165,1.579833984375,-6.630702714931623,17.97316336631775,0.021642446517944336,0.18922270453151552
166,1.5615234375,-6.641752747902266,17.994876861572266,0.0217134952545166,0.17910258335656748
167,1.52294921875,-6.642154286696267,18.016538381576538,0.02166152000427246,0.17694360462388004
168,1.517822265625,-6.642992091840504,18.03822374343872,0.021685361862182617,0.16956027802098747
169,1.461669921875,-6.643393304632561,18.059868335723877,0.02164459228515625,0.1657750666187509
170,1.34619140625,-6.655113027711711,18.08200478553772,0.022136449813842773,0.14808612517039504
171,1.20751953125,-6.662008863955905,18.106306314468384,0.024301528930664062,0.1425977422778994
172,1.039306640625,-6.671728163508887,18.13064670562744,0.024340391159057617,0.12198788689309835
173,0.812255859375,-6.682726667246646,18.15499711036682,0.024350404739379883,0.10344765586793213
174,0.4404296875,-6.6910598475304015,18.17948269844055,0.02448558807373047,0.09777548913685838
175,0.348388671875,-6.685464266649714,18.203763008117676,0.024280309677124023,0.09856759375797311
176,0.190673828125,-6.690025456741608,18.228140592575073,0.02437758445739746,0.08713283666268766
177,0.41796875,-6.69474329097873,18.252424955368042,0.02428436279296875,0.08164070255158336
178,0.505615234375,-6.691585285710329,18.27665638923645,0.024231433868408203,0.07606139186980453
179,0.548583984375,-6.686757210147297,18.301060914993286,0.024404525756835938,0.07445344320150102
180,0.208984375,-6.680770986632466,18.32542133331299,0.02436041831970215,0.07342331743157816
181,0.40087890625,-6.674892791509673,18.34977078437805,0.024349451065063477,0.07300079976733943
182,0.72216796875,-6.675451707752196,18.374154329299927,0.024383544921875,0.06268693336702626
183,1.312744140625,-6.6832210724052,18.398650646209717,0.02449631690979004,0.05163793716577681
184,1.60205078125,-6.679058196229885,18.422932147979736,0.02428150177001953,0.04852688476722063
185,2.03857421875,-6.6785617981347505,18.447325468063354,0.024393320083618164,0.049709973872815165
186,2.441162109375,-6.669858185650903,18.47161602973938,0.02429056167602539,0.05099455864557756
187,2.527099609375,-6.674088421226778,18.495928525924683,0.024312496185302734,0.047079276280539636
188,2.47705078125,-6.685088004591884,18.520131826400757,0.02420330047607422,0.04060485645062682
189,1.984619140625,-6.687368682463854,18.544429302215576,0.024297475814819336,0.03637479007990562
190,2.056640625,-6.6939857207980245,18.568837881088257,0.024408578872680664,0.02969984007295313
191,2.00390625,-6.692386863203009,18.593122243881226,0.02428436279296875,0.0314112606568839
192,1.844970703125,-6.713988515985037,18.61752676963806,0.024404525756835938,0.013348346126938002
193,1.6650390625,-6.727094808416921,18.641870260238647,0.024343490600585938,-0.0015411775576093412
194,2.0263671875,-6.75213350940376,18.666253566741943,0.0243833065032959,-0.02338413272621757
195,2.291015625,-6.763518786304607,18.690643072128296,0.02438950538635254,-0.035845707986189565
196,1.43212890625,-6.7837852062382,18.714807510375977,0.024164438247680664,-0.050126130006448284
197,2.131103515625,-6.809821820351427,18.739217042922974,0.02440953254699707,-0.06872128136342924
198,2.67498779296875,-6.834141483581542,18.763487339019775,0.024270296096801758,-0.08886660358420283
199,2.718994140625,-6.851687432042489,18.787896871566772,0.02440953254699707,-0.09909212614700523
200,2.357421875,-6.881499935837653,18.812100410461426,0.02420353889465332,-0.11919099618158789
201,2.15576171875,-6.91320870959134,18.836495876312256,0.024395465850830078,-0.1437558298051035
202,1.672607421875,-6.938970190588909,18.860863208770752,0.024367332458496094,-0.16673295864083157
203,1.5283203125,-6.954794977962809,18.885242700576782,0.024379491806030273,-0.17741799475121292
204,1.341064453125,-6.973006381150332,18.909536123275757,0.02429342269897461,-0.19808505582936012
205,1.34130859375,-6.997712225716357,18.933842658996582,0.024306535720825195,-0.21609105051508537
206,1.210205078125,-7.009378055607311,18.958362102508545,0.02451944351196289,-0.22172170964683574
207,1.360107421875,-7.031697223918865,18.98491144180298,0.026549339294433594,-0.24260580913154456
208,1.517333984375,-7.049243364487454,19.011329889297485,0.026418447494506836,-0.2638952816571761
209,1.426513671875,-7.0661240520604816,19.03774929046631,0.026419401168823242,-0.2753956200853129
210,1.249755859375,-7.0802322292685345,19.064149618148804,0.026400327682495117,-0.2856624361396278
211,1.35888671875,-7.100393072846713,19.09678077697754,0.03263115882873535,-0.29971529553193027
212,1.325439453125,-7.130313650705102,19.12027335166931,0.02349257469177246,-0.32729902006185746
213,1.28662109375,-7.148910974953647,19.14375376701355,0.02348041534423828,-0.3395137450302142
214,1.185302734375,-7.169280520203569,19.16726517677307,0.023511409759521484,-0.3587156882235278
215,1.1005859375,-7.189650378201389,19.190724849700928,0.023459672927856445,-0.38008105116135665
216,1.098876953125,-7.207810814523342,19.214163303375244,0.023438453674316406,-0.3917539952884054
217,1.0947265625,-7.230800644665569,19.237754583358765,0.023591279983520508,-0.4146159948928401
218,1.121826171875,-7.254455780519333,19.261189222335815,0.02343463897705078,-0.42810455944590836
219,1.118408203125,-7.272773047216938,19.284607648849487,0.023418426513671875,-0.4385771290617681
220,1.066650390625,-7.282930635096434,19.308155059814453,0.02354741096496582,-0.44214434127762015
221,0.947998046875,-7.2909301745902155,19.331459522247314,0.023304462432861328,-0.4515704516407683
222,0.938232421875,-7.2989297140839975,19.35497808456421,0.02351856231689453,-0.456419751682974
223,0.94677734375,-7.315425108510226,19.38014554977417,0.025167465209960938,-0.4661782135973811
224,0.886474609375,-7.316264287503381,19.403597831726074,0.023452281951904297,-0.4609620053416277
225,0.727294921875,-7.331033719635202,19.427128314971924,0.02353048324584961,-0.47893809401172277
226,1.0009765625,-7.335310930802518,19.450602769851685,0.023474454879760742,-0.47349318446111005
227,0.89990234375,-7.35180113731314,19.474021434783936,0.023418664932250977,-0.484920035388652
228,0.819580078125,-7.374120305624695,19.497528791427612,0.023507356643676758,-0.5001003691197784
229,0.91162109375,-7.3855057946869636,19.520804166793823,0.023275375366210938,-0.5079441720320099
230,1.1494140625,-7.403051612406651,19.544100761413574,0.023296594619750977,-0.5116728128371116
231,0.954833984375,-7.417774419434899,19.567663192749023,0.02356243133544922,-0.5173574965392644
232,0.7373046875,-7.425336079088799,19.591075658798218,0.023412466049194336,-0.5160853021415754
233,1.168701171875,-7.441394185785656,19.614495038986206,0.02341938018798828,-0.5199852949076939
234,1.171142578125,-7.458553695051316,19.638035535812378,0.023540496826171875,-0.5264620570291487
235,0.9560546875,-7.469609785270072,19.6614670753479,0.02343153953552246,-0.5381671248788187
236,1.30517578125,-7.483484756778876,19.685011625289917,0.0235445499420166,-0.5448704788186279
237,1.506591796875,-7.4877619679461915,19.70852303504944,0.023511409759521484,-0.544664580241823
238,1.09521484375,-7.489428984470399,19.73195743560791,0.02343440055847168,-0.5480222843564556
239,0.9296875,-7.49393483364906,19.755470037460327,0.023512601852416992,-0.554513463573587
240,1.15625,-7.502371492639778,19.779049396514893,0.02357935905456543,-0.5645723660493208
241,1.27392578125,-7.505089043086844,19.802459955215454,0.023410558700561523,-0.5705305662907184
242,0.9814453125,-7.512580237538071,19.82588028907776,0.023420333862304688,-0.5754795113970015
243,0.989990234375,-7.511860300588202,19.849292755126953,0.023412466049194336,-0.5696809320869284
244,1.084716796875,-7.507698787992219,19.872709274291992,0.023416519165039062,-0.569576354192625
245,1.00830078125,-7.509594633593211,19.89614176750183,0.023432493209838867,-0.5712639617120164
246,1.13671875,-7.5003795545532626,19.919544219970703,0.02340245246887207,-0.5706730783351919
247,1.039306640625,-7.486673812453769,19.94297480583191,0.023430585861206055,-0.5580239919247341
248,1.083251953125,-7.4784578984585,19.966434240341187,0.023459434509277344,-0.5446125892389938
249,1.28173828125,-7.469576528560833,19.98985767364502,0.023423433303833008,-0.5367287421854001
250,1.416748046875,-7.445710609580932,20.013131141662598,0.023273468017578125,-0.5151195613912984
251,1.32568359375,-7.422614373649739,20.03653049468994,0.02339935302734375,-0.49976611233917706
252,1.3935546875,-7.405907555559735,20.06002116203308,0.02349066734313965,-0.47316010675452486
253,1.42822265625,-7.398081927612393,20.08344554901123,0.023424386978149414,-0.45861893350411914
254,1.388671875,-7.390256407995525,20.10688090324402,0.023435354232788086,-0.43593896304946206
255,1.318603515625,-7.386097335672503,20.130383491516113,0.023502588272094727,-0.4252094164153021
256,1.34912109375,-7.386097335672503,20.153812885284424,0.023429393768310547,-0.4112312861522364
257,1.586181640625,-7.38155301576228,20.177226305007935,0.023413419723510742,-0.39021881906466466
258,1.28369140625,-7.372006490722739,20.2006618976593,0.023435592651367188,-0.3667290589361956
259,1.42626953125,-7.362688777241766,20.22409725189209,0.023435354232788086,-0.3481222656236149
260,1.369873046875,-7.3568083234604975,20.247561931610107,0.023464679718017578,-0.3234164279781977
261,1.38671875,-7.360301870112304,20.270849227905273,0.023287296295166016,-0.30425372760804165
262,1.28955078125,-7.353142029907229,20.294273853302002,0.023424625396728516,-0.2815392567510646
263,1.7021484375,-7.356635576559034,20.31776523590088,0.023491382598876953,-0.2731994844763216
264,1.45361328125,-7.3429810202114165,20.341177701950073,0.023412466049194336,-0.2509851392350113
265,1.325439453125,-7.345367706776894,20.364649295806885,0.023471593856811523,-0.23573940588487594
266,1.453369140625,-7.3375936116003295,20.388221740722656,0.023572444915771484,-0.2223131622782884
267,1.219482421875,-7.33043331846591,20.411638021469116,0.02341628074645996,-0.20320565822404904
268,0.979248046875,-7.32370965711848,20.435161590576172,0.023523569107055664,-0.18737250784987594
269,1.110595703125,-7.34334546008839,20.458667993545532,0.02350640296936035,-0.19064564215072907
270,2.939453125,-7.342238454403935,20.482028484344482,0.023360490798950195,-0.18094927606495803
271,0.721435546875,-7.338567104896214,20.505548000335693,0.023519515991210938,-0.16805030503288196
272,1.862548828125,-7.340953944175819,20.528960466384888,0.023412466049194336,-0.14852245274004536
273,1.40185546875,-7.330512605225297,20.555009841918945,0.026049375534057617,-0.12864138046804277
274,0.97998046875,-7.344833523364444,20.582911252975464,0.027901411056518555,-0.12275638178921887
275,1.216064453125,-7.338500272908659,20.606379747390747,0.023468494415283203,-0.10378714327715383
276,1.734375,-7.344380726689927,20.629812240600586,0.023432493209838867,-0.09505613019139934
277,1.181396484375,-7.340221580268607,20.653284549713135,0.023472309112548828,-0.07586114410824099
278,3.00140380859375,-7.331569090074579,20.676725149154663,0.02344059944152832,-0.05288559217111593
279,0.928466796875,-7.333849964211476,20.70025062561035,0.023525476455688477,-0.04146526083246983
280,2.29827880859375,-7.338903532372838,20.72369408607483,0.02344346046447754,-0.037868537233063396
281,1.13330078125,-7.342621232029709,20.74724555015564,0.023551464080810547,-0.034778406520048835
282,1.059814453125,-7.359329100943998,20.770548105239868,0.023302555084228516,-0.04105940696426694
283,1.18359375,-7.3545554598361855,20.793965578079224,0.02341747283935547,-0.02673815894525846
284,1.0654296875,-7.36022325438957,20.81750202178955,0.02353644371032715,-0.03015527391647934
285,1.061279296875,-7.355729078336506,20.840916395187378,0.02341437339782715,-0.016495054098031113
286,1.055419921875,-7.362452735591989,20.86435294151306,0.023436546325683594,-0.018239731875970285
287,1.064453125,-7.368562131981729,20.887983322143555,0.023630380630493164,-0.010812930001042215
288,1.064697265625,-7.371177762021082,20.91142988204956,0.02344655990600586,0.003152028758825642
289,1.075439453125,-7.370126643167381,20.934927225112915,0.023497343063354492,0.012050330307240535
290,1.06689453125,-7.362529843975751,20.95850968360901,0.02358245849609375,0.029971783195891746
291,1.07177734375,-7.375638140793394,20.981959342956543,0.02344965934753418,0.03106920175815057
292,1.067138671875,-7.367651104460435,21.005517721176147,0.023558378219604492,0.04210265939516626
293,1.065673828125,-7.363105842371223,21.02896022796631,0.023442506790161133,0.05676208861525647
